index,Sku,Catalog,Category,Weight,TP,MRP Old,Final MRP Old,Ajio MRP,Amazon MRP,Amazon FBA MRP,Flipkart MRP,Limeroad MRP,Myntra MRP,Paytm MRP,Snapdeal MRP
0,S,Moments,Kurta,0.3,538,2178,2295,2295,2295,2295,2295,2295,2295,2295,2295
1,M,Moments,Kurta,0.3,538,2178,2295,2295,2295,2295,2295,2295,2295,2295,2295
2,L,Moments,Kurta,0.3,538,2178,2295,2295,2295,2295,2295,2295,2295,2295,2295
3,XL,Moments,Kurta,0.3,538,2178,2295,2295,2295,2295,2295,2295,2295,2295,2295
4,2XL,Moments,Kurta,0.3,538,2178,2295,2295,2295,2295,2295,2295,2295,2295,2295
5,3XL,Moments,Kurta,0.3,538,2178,2295,2295,2295,2295,2295,2295,2295,2295,2295
6,S,Moments,Kurta,0.3,538,2178,2295,2295,2295,2295,2295,2295,2295,2295,2295
7,M,Moments,Kurta,0.3,538,2178,2295,2295,2295,2295,2295,2295,2295,2295,2295
8,L,Moments,Kurta,0.3,538,2178,2295,2295,2295,2295,2295,2295,2295,2295,2295
9,XL,Moments,Kurta,0.3,538,2178,2295,2295,2295,2295,2295,2295,2295,2295,2295
10,2XL,Moments,Kurta,0.3,538,2178,2295,2295,2295,2295,2295,2295,2295,2295,2295
11,3XL,Moments,Kurta,0.3,538,2178,2295,2295,2295,2295,2295,2295,2295,2295,2295
12,S,Moments,Kurta,0.3,538,2178,2295,2295,2295,2295,2295,2295,2295,2295,2295
13,M,Moments,Kurta,0.3,538,2178,2295,2295,2295,2295,2295,2295,2295,2295,2295
14,L,Moments,Kurta,0.3,538,2178,2295,2295,2295,2295,2295,2295,2295,2295,2295
15,XL,Moments,Kurta,0.3,538,2178,2295,2295,2295,2295,2295,2295,2295,2295,2295
16,2XL,Moments,Kurta,0.3,538,2178,2295,2295,2295,2295,2295,2295,2295,2295,2295
17,3XL,Moments,Kurta,0.3,538,2178,2295,2295,2295,2295,2295,2295,2295,2295,2295
18,S,Moments,Kurta,0.3,538,2178,2295,2295,2295,2295,2295,2295,2295,2295,2295
19,M,Moments,Kurta,0.3,538,2178,2295,2295,2295,2295,2295,2295,2295,2295,2295
20,L,Moments,Kurta,0.3,538,2178,2295,2295,2295,2295,2295,2295,2295,2295,2295
21,XL,Moments,Kurta,0.3,538,2178,2295,2295,2295,2295,2295,2295,2295,2295,2295
22,2XL,Moments,Kurta,0.3,538,2178,2295,2295,2295,2295,2295,2295,2295,2295,2295
23,3XL,Moments,Kurta,0.3,538,2178,2295,2295,2295,2295,2295,2295,2295,2295,2295
24,S,Moments,Kurta,0.3,538,2178,2295,2295,2295,2295,2295,2295,2295,2295,2295
25,M,Moments,Kurta,0.3,538,2178,2295,2295,2295,2295,2295,2295,2295,2295,2295
26,L,Moments,Kurta,0.3,538,2178,2295,2295,2295,2295,2295,2295,2295,2295,2295
27,XL,Moments,Kurta,0.3,538,2178,2295,2295,2295,2295,2295,2295,2295,2295,2295
28,2XL,Moments,Kurta,0.3,538,2178,2295,2295,2295,2295,2295,2295,2295,2295,2295
29,3XL,Moments,Kurta,0.3,538,2178,2295,2295,2295,2295,2295,2295,2295,2295,2295
30,S,Moments,Kurta,0.3,538,2178,2295,2295,2295,2295,2295,2295,2295,2295,2295
31,M,Moments,Kurta,0.3,538,2178,2295,2295,2295,2295,2295,2295,2295,2295,2295
32,L,Moments,Kurta,0.3,538,2178,2295,2295,2295,2295,2295,2295,2295,2295,2295
33,XL,Moments,Kurta,0.3,538,2178,2295,2295,2295,2295,2295,2295,2295,2295,2295
34,2XL,Moments,Kurta,0.3,538,2178,2295,2295,2295,2295,2295,2295,2295,2295,2295
35,3XL,Moments,Kurta,0.3,538,2178,2295,2295,2295,2295,2295,2295,2295,2295,2295
36,S,Colors-8,Kurta,0.3,438,1778,1895,1895,1895,1895,1895,1895,1895,1895,1895
37,M,Colors-8,Kurta,0.3,438,1778,1895,1895,1895,1895,1895,1895,1895,1895,1895
38,L,Colors-8,Kurta,0.3,438,1778,1895,1895,1895,1895,1895,1895,1895,1895,1895
39,XL,Colors-8,Kurta,0.3,438,1778,1895,1895,1895,1895,1895,1895,1895,1895,1895
40,2XL,Colors-8,Kurta,0.3,438,1778,1895,1895,1895,1895,1895,1895,1895,1895,1895
41,3XL,Colors-8,Kurta,0.3,438,1778,1895,1895,1895,1895,1895,1895,1895,1895,1895
42,S,Colors-8,Kurta,0.3,438,1778,1895,1895,1895,1895,1895,1895,1895,1895,1895
43,M,Colors-8,Kurta,0.3,438,1778,1895,1895,1895,1895,1895,1895,1895,1895,1895
44,L,Colors-8,Kurta,0.3,438,1778,1895,1895,1895,1895,1895,1895,1895,1895,1895
45,XL,Colors-8,Kurta,0.3,438,1778,1895,1895,1895,1895,1895,1895,1895,1895,1895
46,2XL,Colors-8,Kurta,0.3,438,1778,1895,1895,1895,1895,1895,1895,1895,1895,1895
47,3XL,Colors-8,Kurta,0.3,438,1778,1895,1895,1895,1895,1895,1895,1895,1895,1895
48,S,Colors-8,Kurta,0.3,438,1895,1895,1895,1895,1895,1895,1895,1895,1895,1895
49,M,Colors-8,Kurta,0.3,438,1895,1895,1895,1895,1895,1895,1895,1895,1895,1895
50,L,Colors-8,Kurta,0.3,438,1895,1895,1895,1895,1895,1895,1895,1895,1895,1895
51,XL,Colors-8,Kurta,0.3,438,1895,1895,1895,1895,1895,1895,1895,1895,1895,1895
52,2XL,Colors-8,Kurta,0.3,438,1895,1895,1895,1895,1895,1895,1895,1895,1895,1895
53,3XL,Colors-8,Kurta,0.3,438,1895,1895,1895,1895,1895,1895,1895,1895,1895,1895
54,S,Colors-8,Kurta,0.3,438,1778,1895,1895,1895,1895,1895,1895,1895,1895,1895
55,M,Colors-8,Kurta,0.3,438,1778,1895,1895,1895,1895,1895,1895,1895,1895,1895
56,L,Colors-8,Kurta,0.3,438,1778,1895,1895,1895,1895,1895,1895,1895,1895,1895
57,XL,Colors-8,Kurta,0.3,438,1778,1895,1895,1895,1895,1895,1895,1895,1895,1895
58,2XL,Colors-8,Kurta,0.3,438,1778,1895,1895,1895,1895,1895,1895,1895,1895,1895
59,3XL,Colors-8,Kurta,0.3,438,1778,1895,1895,1895,1895,1895,1895,1895,1895,1895
60,S,Colors-8,Kurta,0.3,438,1778,1895,1895,1895,1895,1895,1895,1895,1895,1895
61,M,Colors-8,Kurta,0.3,438,1778,1895,1895,1895,1895,1895,1895,1895,1895,1895
62,L,Colors-8,Kurta,0.3,438,1778,1895,1895,1895,1895,1895,1895,1895,1895,1895
63,XL,Colors-8,Kurta,0.3,438,1778,1895,1895,1895,1895,1895,1895,1895,1895,1895
64,2XL,Colors-8,Kurta,0.3,438,1778,1895,1895,1895,1895,1895,1895,1895,1895,1895
65,3XL,Colors-8,Kurta,0.3,438,1778,1895,1895,1895,1895,1895,1895,1895,1895,1895
66,S,Colors-8,Kurta,0.3,438,1778,1895,1895,1895,1895,1895,1895,1895,1895,1895
67,M,Colors-8,Kurta,0.3,438,1778,1895,1895,1895,1895,1895,1895,1895,1895,1895
68,L,Colors-8,Kurta,0.3,438,1778,1895,1895,1895,1895,1895,1895,1895,1895,1895
69,XL,Colors-8,Kurta,0.3,438,1778,1895,1895,1895,1895,1895,1895,1895,1895,1895
70,2XL,Colors-8,Kurta,0.3,438,1778,1895,1895,1895,1895,1895,1895,1895,1895,1895
71,3XL,Colors-8,Kurta,0.3,438,1778,1895,1895,1895,1895,1895,1895,1895,1895,1895
72,S,Colors-8,Kurta,0.3,438,1895,254,1895,1895,1895,1895,1895,1895,1895,1895
73,M,Colors-8,Kurta,0.3,438,1895,1895,1895,1895,1895,1895,1895,1895,1895,1895
74,L,Colors-8,Kurta,0.3,438,1895,1895,1895,1895,1895,1895,1895,1895,1895,1895
75,XL,Colors-8,Kurta,0.3,438,1895,1895,1895,1895,1895,1895,1895,1895,1895,1895
76,2XL,Colors-8,Kurta,0.3,438,1895,1895,1895,1895,1895,1895,1895,1895,1895,1895
77,3XL,Colors-8,Kurta,0.3,438,1895,1895,1895,1895,1895,1895,1895,1895,1895,1895
78,S,Colors-8,Kurta,0.3,438,1778,1895,1895,1895,1895,1895,1895,1895,1895,1895
79,M,Colors-8,Kurta,0.3,438,1778,1895,1895,1895,1895,1895,1895,1895,1895,1895
80,L,Colors-8,Kurta,0.3,438,1778,1895,1895,1895,1895,1895,1895,1895,1895,1895
81,XL,Colors-8,Kurta,0.3,438,1778,1895,1895,1895,1895,1895,1895,1895,1895,1895
82,2XL,Colors-8,Kurta,0.3,438,1778,1895,1895,1895,1895,1895,1895,1895,1895,1895
83,3XL,Colors-8,Kurta,0.3,438,1778,1895,1895,1895,1895,1895,1895,1895,1895,1895
84,S,Breeze-4,Kurta,0.3,505,2038,2195,2195,2195,2195,2195,2195,2195,2195,2195
85,M,Breeze-4,Kurta,0.3,505,2038,2195,2195,2195,2195,2195,2195,2195,2195,2195
86,L,Breeze-4,Kurta,0.3,505,2038,2195,2195,2195,2195,2195,2195,2195,2195,2195
87,XL,Breeze-4,Kurta,0.3,505,2038,2195,2195,2195,2195,2195,2195,2195,2195,2195
88,2XL,Breeze-4,Kurta,0.3,505,2038,2195,2195,2195,2195,2195,2195,2195,2195,2195
89,3XL,Breeze-4,Kurta,0.3,505,2038,2195,2195,2195,2195,2195,2195,2195,2195,2195
90,S,Breeze-4,Kurta,0.3,505,2038,2195,2195,2195,2195,2195,2195,2195,2195,2195
91,M,Breeze-4,Kurta,0.3,505,2038,2195,2195,2195,2195,2195,2195,2195,2195,2195
92,L,Breeze-4,Kurta,0.3,505,2038,2195,2195,2195,2195,2195,2195,2195,2195,2195
93,XL,Breeze-4,Kurta,0.3,505,2038,2195,2195,2195,2195,2195,2195,2195,2195,2195
94,2XL,Breeze-4,Kurta,0.3,505,2038,2195,2195,2195,2195,2195,2195,2195,2195,2195
95,3XL,Breeze-4,Kurta,0.3,505,2038,2195,2195,2195,2195,2195,2195,2195,2195,2195
96,S,Breeze-4,Kurta,0.3,505,2038,2195,2195,2195,2195,2195,2195,2195,2195,2195
97,M,Breeze-4,Kurta,0.3,505,2038,2195,2195,2195,2195,2195,2195,2195,2195,2195
98,L,Breeze-4,Kurta,0.3,505,2038,2195,2195,2195,2195,2195,2195,2195,2195,2195
99,XL,Breeze-4,Kurta,0.3,505,2038,2195,2195,2195,2195,2195,2195,2195,2195,2195
100,2XL,Breeze-4,Kurta,0.3,505,2038,2195,2195,2195,2195,2195,2195,2195,2195,2195
101,3XL,Breeze-4,Kurta,0.3,505,2038,2195,2195,2195,2195,2195,2195,2195,2195,2195
102,S,Breeze-4,Kurta,0.3,505,2038,2195,2195,2195,2195,2195,2195,2195,2195,2195
103,M,Breeze-4,Kurta,0.3,505,2038,2195,2195,2195,2195,2195,2195,2195,2195,2195
104,L,Breeze-4,Kurta,0.3,505,2038,2195,2195,2195,2195,2195,2195,2195,2195,2195
105,XL,Breeze-4,Kurta,0.3,505,2038,2195,2195,2195,2195,2195,2195,2195,2195,2195
106,2XL,Breeze-4,Kurta,0.3,505,2038,2195,2195,2195,2195,2195,2195,2195,2195,2195
107,3XL,Breeze-4,Kurta,0.3,505,2038,2195,2195,2195,2195,2195,2195,2195,2195,2195
108,S,Breeze-4,Kurta,0.3,505,2038,2195,2195,2195,2195,2195,2195,2195,2195,2195
109,M,Breeze-4,Kurta,0.3,505,2038,2195,2195,2195,2195,2195,2195,2195,2195,2195
110,L,Breeze-4,Kurta,0.3,505,2038,2195,2195,2195,2195,2195,2195,2195,2195,2195
111,XL,Breeze-4,Kurta,0.3,505,2038,2195,2195,2195,2195,2195,2195,2195,2195,2195
112,2XL,Breeze-4,Kurta,0.3,505,2038,2195,2195,2195,2195,2195,2195,2195,2195,2195
113,3XL,Breeze-4,Kurta,0.3,505,2038,2195,2195,2195,2195,2195,2195,2195,2195,2195
114,S,Breeze-4,Kurta,0.3,505,2038,2195,2195,2195,2195,2195,2195,2195,2195,2195
115,M,Breeze-4,Kurta,0.3,505,2038,2195,2195,2195,2195,2195,2195,2195,2195,2195
116,L,Breeze-4,Kurta,0.3,505,2038,2195,2195,2195,2195,2195,2195,2195,2195,2195
117,XL,Breeze-4,Kurta,0.3,505,2038,2195,2195,2195,2195,2195,2195,2195,2195,2195
118,2XL,Breeze-4,Kurta,0.3,505,2038,2195,2195,2195,2195,2195,2195,2195,2195,2195
119,3XL,Breeze-4,Kurta,0.3,505,2038,2195,2195,2195,2195,2195,2195,2195,2195,2195
120,S,Rozana,Kurta Set,0.4,590,2378,2495,2495,2495,2495,2495,2495,2495,2495,2495
121,M,Rozana,Kurta Set,0.4,590,2378,2495,2495,2495,2495,2495,2495,2495,2495,2495
122,L,Rozana,Kurta Set,0.4,590,2378,2495,2495,2495,2495,2495,2495,2495,2495,2495
123,XL,Rozana,Kurta Set,0.4,590,2378,2495,2495,2495,2495,2495,2495,2495,2495,2495
124,2XL,Rozana,Kurta Set,0.4,590,2378,2495,2495,2495,2495,2495,2495,2495,2495,2495
125,3XL,Rozana,Kurta Set,0.4,590,2378,2495,2495,2495,2495,2495,2495,2495,2495,2495
126,S,Rozana,Kurta Set,0.4,590,2378,2495,2495,2495,2495,2495,2495,2495,2495,2495
127,M,Rozana,Kurta Set,0.4,590,2378,2495,2495,2495,2495,2495,2495,2495,2495,2495
128,L,Rozana,Kurta Set,0.4,590,2378,2495,2495,2495,2495,2495,2495,2495,2495,2495
129,XL,Rozana,Kurta Set,0.4,590,2378,2495,2495,2495,2495,2495,2495,2495,2495,2495
130,2XL,Rozana,Kurta Set,0.4,590,2378,2495,2495,2495,2495,2495,2495,2495,2495,2495
131,3XL,Rozana,Kurta Set,0.4,590,2378,2495,2495,2495,2495,2495,2495,2495,2495,2495
132,S,Rozana,Kurta Set,0.4,590,2378,2495,2495,2495,2495,2495,2495,2495,2495,2495
133,M,Rozana,Kurta Set,0.4,590,2378,2495,2495,2495,2495,2495,2495,2495,2495,2495
134,L,Rozana,Kurta Set,0.4,590,2378,2495,2495,2495,2495,2495,2495,2495,2495,2495
135,XL,Rozana,Kurta Set,0.4,590,2378,2495,2495,2495,2495,2495,2495,2495,2495,2495
136,2XL,Rozana,Kurta Set,0.4,590,2378,2495,2495,2495,2495,2495,2495,2495,2495,2495
137,3XL,Rozana,Kurta Set,0.4,590,2378,2495,2495,2495,2495,2495,2495,2495,2495,2495
138,S,Rozana,Kurta Set,0.4,590,2378,2495,2495,2495,2495,2495,2495,2495,2495,2495
139,M,Rozana,Kurta Set,0.4,590,2378,2495,2495,2495,2495,2495,2495,2495,2495,2495
140,L,Rozana,Kurta Set,0.4,590,2378,2495,2495,2495,2495,2495,2495,2495,2495,2495
141,XL,Rozana,Kurta Set,0.4,590,2378,2495,2495,2495,2495,2495,2495,2495,2495,2495
142,2XL,Rozana,Kurta Set,0.4,590,2378,2495,2495,2495,2495,2495,2495,2495,2495,2495
143,3XL,Rozana,Kurta Set,0.4,590,2378,2495,2495,2495,2495,2495,2495,2495,2495,2495
144,S,Rozana,Kurta Set,0.4,590,2378,2495,2495,2495,2495,2495,2495,2495,2495,2495
145,M,Rozana,Kurta Set,0.4,590,2378,2495,2495,2495,2495,2495,2495,2495,2495,2495
146,L,Rozana,Kurta Set,0.4,590,2378,2495,2495,2495,2495,2495,2495,2495,2495,2495
147,XL,Rozana,Kurta Set,0.4,590,2378,2495,2495,2495,2495,2495,2495,2495,2495,2495
148,2XL,Rozana,Kurta Set,0.4,590,2378,2495,2495,2495,2495,2495,2495,2495,2495,2495
149,3XL,Rozana,Kurta Set,0.4,590,2378,2495,2495,2495,2495,2495,2495,2495,2495,2495
150,S,Rozana,Kurta Set,0.4,590,2378,2495,2495,2495,2495,2495,2495,2495,2495,2495
151,M,Rozana,Kurta Set,0.4,590,2378,2495,2495,2495,2495,2495,2495,2495,2495,2495
152,L,Rozana,Kurta Set,0.4,590,2378,2495,2495,2495,2495,2495,2495,2495,2495,2495
153,XL,Rozana,Kurta Set,0.4,590,2378,2495,2495,2495,2495,2495,2495,2495,2495,2495
154,2XL,Rozana,Kurta Set,0.4,590,2378,2495,2495,2495,2495,2495,2495,2495,2495,2495
155,3XL,Rozana,Kurta Set,0.4,590,2378,2495,2495,2495,2495,2495,2495,2495,2495,2495
156,S,Rozana,Kurta Set,0.4,590,2378,2495,2495,2495,2495,2495,2495,2495,2495,2495
157,M,Rozana,Kurta Set,0.4,590,2378,2495,2495,2495,2495,2495,2495,2495,2495,2495
158,L,Rozana,Kurta Set,0.4,590,2378,2495,2495,2495,2495,2495,2495,2495,2495,2495
159,XL,Rozana,Kurta Set,0.4,590,2378,2495,2495,2495,2495,2495,2495,2495,2495,2495
160,2XL,Rozana,Kurta Set,0.4,590,2378,2495,2495,2495,2495,2495,2495,2495,2495,2495
161,3XL,Rozana,Kurta Set,0.4,590,2378,2495,2495,2495,2495,2495,2495,2495,2495,2495
162,S,Rozana,Kurta Set,0.4,590,2378,2495,2495,2495,2495,2495,2495,2495,2495,2495
163,M,Rozana,Kurta Set,0.4,590,2378,2495,2495,2495,2495,2495,2495,2495,2495,2495
164,L,Rozana,Kurta Set,0.4,590,2378,2495,2495,2495,2495,2495,2495,2495,2495,2495
165,XL,Rozana,Kurta Set,0.4,590,2378,2495,2495,2495,2495,2495,2495,2495,2495,2495
166,2XL,Rozana,Kurta Set,0.4,590,2378,2495,2495,2495,2495,2495,2495,2495,2495,2495
167,3XL,Rozana,Kurta Set,0.4,590,2378,2495,2495,2495,2495,2495,2495,2495,2495,2495
168,S,Colors-7,Kurta,0.3,381,1538,1595,1595,1595,1595,1595,1595,1595,1595,1595
169,M,Colors-7,Kurta,0.3,381,1538,1595,1595,1595,1595,1595,1595,1595,1595,1595
170,L,Colors-7,Kurta,0.3,381,1538,1595,1595,1595,1595,1595,1595,1595,1595,1595
171,XL,Colors-7,Kurta,0.3,381,1538,1595,1595,1595,1595,1595,1595,1595,1595,1595
172,2XL,Colors-7,Kurta,0.3,381,1538,1595,1595,1595,1595,1595,1595,1595,1595,1595
173,3XL,Colors-7,Kurta,0.3,381,1538,1595,1595,1595,1595,1595,1595,1595,1595,1595
174,S,Colors-7,Kurta,0.3,381,1538,1595,1595,1595,1595,1595,1595,1595,1595,1595
175,M,Colors-7,Kurta,0.3,381,1538,1595,1595,1595,1595,1595,1595,1595,1595,1595
176,L,Colors-7,Kurta,0.3,381,1538,1595,1595,1595,1595,1595,1595,1595,1595,1595
177,XL,Colors-7,Kurta,0.3,381,1538,1595,1595,1595,1595,1595,1595,1595,1595,1595
178,2XL,Colors-7,Kurta,0.3,381,1538,1595,1595,1595,1595,1595,1595,1595,1595,1595
179,3XL,Colors-7,Kurta,0.3,381,1538,1595,1595,1595,1595,1595,1595,1595,1595,1595
180,S,Colors-7,Kurta,0.3,381,1538,1595,1595,1595,1595,1595,1595,1595,1595,1595
181,M,Colors-7,Kurta,0.3,381,1538,1595,1595,1595,1595,1595,1595,1595,1595,1595
182,L,Colors-7,Kurta,0.3,381,1538,1595,1595,1595,1595,1595,1595,1595,1595,1595
183,XL,Colors-7,Kurta,0.3,381,1538,1595,1595,1595,1595,1595,1595,1595,1595,1595
184,2XL,Colors-7,Kurta,0.3,381,1538,1595,1595,1595,1595,1595,1595,1595,1595,1595
185,3XL,Colors-7,Kurta,0.3,381,1538,1595,1595,1595,1595,1595,1595,1595,1595,1595
186,S,Colors-7,Kurta,0.3,381,1538,1595,1595,1595,1595,1595,1595,1595,1595,1595
187,M,Colors-7,Kurta,0.3,381,1538,1595,1595,1595,1595,1595,1595,1595,1595,1595
188,L,Colors-7,Kurta,0.3,381,1538,1595,1595,1595,1595,1595,1595,1595,1595,1595
189,XL,Colors-7,Kurta,0.3,381,1538,1595,1595,1595,1595,1595,1595,1595,1595,1595
190,2XL,Colors-7,Kurta,0.3,381,1538,1595,1595,1595,1595,1595,1595,1595,1595,1595
191,3XL,Colors-7,Kurta,0.3,381,1538,1595,1595,1595,1595,1595,1595,1595,1595,1595
192,S,Colors-7,Kurta,0.3,381,1538,1595,1595,1595,1595,1595,1595,1595,1595,1595
193,M,Colors-7,Kurta,0.3,381,1538,1595,1595,1595,1595,1595,1595,1595,1595,1595
194,L,Colors-7,Kurta,0.3,381,1538,1595,1595,1595,1595,1595,1595,1595,1595,1595
195,XL,Colors-7,Kurta,0.3,381,1538,1595,1595,1595,1595,1595,1595,1595,1595,1595
196,2XL,Colors-7,Kurta,0.3,381,1538,1595,1595,1595,1595,1595,1595,1595,1595,1595
197,3XL,Colors-7,Kurta,0.3,381,1538,1595,1595,1595,1595,1595,1595,1595,1595,1595
198,S,Colors-7,Kurta,0.3,381,1538,1595,1595,1595,1595,1595,1595,1595,1595,1595
199,M,Colors-7,Kurta,0.3,381,1538,1595,1595,1595,1595,1595,1595,1595,1595,1595
200,L,Colors-7,Kurta,0.3,381,1538,1595,1595,1595,1595,1595,1595,1595,1595,1595
201,XL,Colors-7,Kurta,0.3,381,1538,1595,1595,1595,1595,1595,1595,1595,1595,1595
202,2XL,Colors-7,Kurta,0.3,381,1538,1595,1595,1595,1595,1595,1595,1595,1595,1595
203,3XL,Colors-7,Kurta,0.3,381,1538,1595,1595,1595,1595,1595,1595,1595,1595,1595
204,S,Colors-7,Kurta,0.3,381,1538,1595,1595,1595,1595,1595,1595,1595,1595,1595
205,M,Colors-7,Kurta,0.3,381,1538,1595,1595,1595,1595,1595,1595,1595,1595,1595
206,L,Colors-7,Kurta,0.3,381,1538,1595,1595,1595,1595,1595,1595,1595,1595,1595
207,XL,Colors-7,Kurta,0.3,381,1538,1595,1595,1595,1595,1595,1595,1595,1595,1595
208,2XL,Colors-7,Kurta,0.3,381,1538,1595,1595,1595,1595,1595,1595,1595,1595,1595
209,3XL,Colors-7,Kurta,0.3,381,1538,1595,1595,1595,1595,1595,1595,1595,1595,1595
210,S,Mix,Kurta,0.3,952,3858,3995,3995,3995,3995,3995,3995,3995,3995,3995
211,M,Mix,Kurta,0.3,952,3858,3995,3995,3995,3995,3995,3995,3995,3995,3995
212,L,Mix,Kurta,0.3,952,3858,3995,3995,3995,3995,3995,3995,3995,3995,3995
213,XL,Mix,Kurta,0.3,952,3858,3995,3995,3995,3995,3995,3995,3995,3995,3995
214,2XL,Mix,Kurta,0.3,952,3858,3995,3995,3995,3995,3995,3995,3995,3995,3995
215,3XL,Mix,Kurta,0.3,952,3858,3995,3995,3995,3995,3995,3995,3995,3995,3995
216,S,Mix,Kurta,0.3,952,3858,3995,3995,3995,3995,3995,3995,3995,3995,3995
217,M,Mix,Kurta,0.3,952,3858,3995,3995,3995,3995,3995,3995,3995,3995,3995
218,L,Mix,Kurta,0.3,952,3858,3995,3995,3995,3995,3995,3995,3995,3995,3995
219,XL,Mix,Kurta,0.3,952,3858,3995,3995,3995,3995,3995,3995,3995,3995,3995
220,2XL,Mix,Kurta,0.3,952,3858,3995,3995,3995,3995,3995,3995,3995,3995,3995
221,3XL,Mix,Kurta,0.3,952,3858,3995,3995,3995,3995,3995,3995,3995,3995,3995
222,S,Mix,Kurta,0.3,570,2298,2395,2395,2395,2395,2395,2395,2395,2395,2395
223,M,Mix,Kurta,0.3,570,2298,2395,2395,2395,2395,2395,2395,2395,2395,2395
224,L,Mix,Kurta,0.3,570,2298,2395,2395,2395,2395,2395,2395,2395,2395,2395
225,XL,Mix,Kurta,0.3,570,2298,2395,2395,2395,2395,2395,2395,2395,2395,2395
226,2XL,Mix,Kurta,0.3,570,2298,2395,2395,2395,2395,2395,2395,2395,2395,2395
227,3XL,Mix,Kurta,0.3,570,2298,2395,2395,2395,2395,2395,2395,2395,2395,2395
228,S,Mix,Kurta,0.3,519,2098,2195,2195,2195,2195,2195,2195,2195,2195,2195
229,M,Mix,Kurta,0.3,519,2098,2195,2195,2195,2195,2195,2195,2195,2195,2195
230,L,Mix,Kurta,0.3,519,2098,2195,2195,2195,2195,2195,2195,2195,2195,2195
231,XL,Mix,Kurta,0.3,519,2098,2195,2195,2195,2195,2195,2195,2195,2195,2195
232,2XL,Mix,Kurta,0.3,519,2098,2195,2195,2195,2195,2195,2195,2195,2195,2195
233,3XL,Mix,Kurta,0.3,519,2098,2195,2195,2195,2195,2195,2195,2195,2195,2195
234,S,Mix,Kurta,0.3,714,2878,2995,2995,2995,2995,2995,2995,2995,2995,2995
235,M,Mix,Kurta,0.3,714,2878,2995,2995,2995,2995,2995,2995,2995,2995,2995
236,L,Mix,Kurta,0.3,714,2878,2995,2995,2995,2995,2995,2995,2995,2995,2995
237,XL,Mix,Kurta,0.3,714,2878,2995,2995,2995,2995,2995,2995,2995,2995,2995
238,2XL,Mix,Kurta,0.3,714,2878,2995,2995,2995,2995,2995,2995,2995,2995,2995
239,3XL,Mix,Kurta,0.3,714,2878,2995,2995,2995,2995,2995,2995,2995,2995,2995
240,S,Mix,Kurta,0.3,519,2098,2195,2195,2195,2195,2195,2195,2195,2195,2195
241,M,Mix,Kurta,0.3,519,2098,2195,2195,2195,2195,2195,2195,2195,2195,2195
242,L,Mix,Kurta,0.3,519,2098,2195,2195,2195,2195,2195,2195,2195,2195,2195
243,XL,Mix,Kurta,0.3,519,2098,2195,2195,2195,2195,2195,2195,2195,2195,2195
244,2XL,Mix,Kurta,0.3,519,2098,2195,2195,2195,2195,2195,2195,2195,2195,2195
245,3XL,Mix,Kurta,0.3,519,2098,2195,2195,2195,2195,2195,2195,2195,2195,2195
246,S,Mix,Kurta,0.3,595,2398,2495,2495,2495,2495,2495,2495,2495,2495,2495
247,M,Mix,Kurta,0.3,595,2398,2495,2495,2495,2495,2495,2495,2495,2495,2495
248,L,Mix,Kurta,0.3,595,2398,2495,2495,2495,2495,2495,2495,2495,2495,2495
249,XL,Mix,Kurta,0.3,595,2398,2495,2495,2495,2495,2495,2495,2495,2495,2495
250,2XL,Mix,Kurta,0.3,595,2398,2495,2495,2495,2495,2495,2495,2495,2495,2495
251,3XL,Mix,Kurta,0.3,595,2398,2495,2495,2495,2495,2495,2495,2495,2495,2495
252,S,Mix,Kurta,0.3,467,1878,1995,1995,1995,1995,1995,1995,1995,1995,1995
253,M,Mix,Kurta,0.3,467,1878,1995,1995,1995,1995,1995,1995,1995,1995,1995
254,L,Mix,Kurta,0.3,467,1878,1995,1995,1995,1995,1995,1995,1995,1995,1995
255,XL,Mix,Kurta,0.3,467,1878,1995,1995,1995,1995,1995,1995,1995,1995,1995
256,2XL,Mix,Kurta,0.3,467,1878,1995,1995,1995,1995,1995,1995,1995,1995,1995
257,3XL,Mix,Kurta,0.3,467,1878,1995,1995,1995,1995,1995,1995,1995,1995,1995
258,S,Mix,Kurta,0.3,552,2238,2395,2395,2395,2395,2395,2395,2395,2395,2395
259,M,Mix,Kurta,0.3,552,2238,2395,2395,2395,2395,2395,2395,2395,2395,2395
260,L,Mix,Kurta,0.3,552,2238,2395,2395,2395,2395,2395,2395,2395,2395,2395
261,XL,Mix,Kurta,0.3,552,2238,2395,2395,2395,2395,2395,2395,2395,2395,2395
262,2XL,Mix,Kurta,0.3,552,2238,2395,2395,2395,2395,2395,2395,2395,2395,2395
263,3XL,Mix,Kurta,0.3,552,2238,2395,2395,2395,2395,2395,2395,2395,2395,2395
264,S,Mix,Kurta,0.3,529,2138,2295,2295,2295,2295,2295,2295,2295,2295,2295
265,M,Mix,Kurta,0.3,529,2138,2295,2295,2295,2295,2295,2295,2295,2295,2295
266,L,Mix,Kurta,0.3,529,2138,2295,2295,2295,2295,2295,2295,2295,2295,2295
267,XL,Mix,Kurta,0.3,529,2138,2295,2295,2295,2295,2295,2295,2295,2295,2295
268,2XL,Mix,Kurta,0.3,529,2138,2295,2295,2295,2295,2295,2295,2295,2295,2295
269,3XL,Mix,Kurta,0.3,529,2138,2295,2295,2295,2295,2295,2295,2295,2295,2295
270,S,Mix,Kurta Set,0.4,662,2678,2795,2795,2795,2795,2795,2795,2795,2795,2795
271,M,Mix,Kurta Set,0.4,662,2678,2795,2795,2795,2795,2795,2795,2795,2795,2795
272,L,Mix,Kurta Set,0.4,662,2678,2795,2795,2795,2795,2795,2795,2795,2795,2795
273,XL,Mix,Kurta Set,0.4,662,2678,2795,2795,2795,2795,2795,2795,2795,2795,2795
274,2XL,Mix,Kurta Set,0.4,662,2678,2795,2795,2795,2795,2795,2795,2795,2795,2795
275,3XL,Mix,Kurta Set,0.4,662,2678,2795,2795,2795,2795,2795,2795,2795,2795,2795
276,S,Mix,Kurta,0.3,538,2178,2295,2295,2295,2295,2295,2295,2295,2295,2295
277,M,Mix,Kurta,0.3,538,2178,2295,2295,2295,2295,2295,2295,2295,2295,2295
278,L,Mix,Kurta,0.3,538,2178,2295,2295,2295,2295,2295,2295,2295,2295,2295
279,XL,Mix,Kurta,0.3,538,2178,2295,2295,2295,2295,2295,2295,2295,2295,2295
280,2XL,Mix,Kurta,0.3,538,2178,2295,2295,2295,2295,2295,2295,2295,2295,2295
281,3XL,Mix,Kurta,0.3,538,2178,2295,2295,2295,2295,2295,2295,2295,2295,2295
282,S,Mix,Kurta,0.3,529,2138,2295,2295,2295,2295,2295,2295,2295,2295,2295
283,M,Mix,Kurta,0.3,529,2138,2295,2295,2295,2295,2295,2295,2295,2295,2295
284,L,Mix,Kurta,0.3,529,2138,2295,2295,2295,2295,2295,2295,2295,2295,2295
285,XL,Mix,Kurta,0.3,529,2138,2295,2295,2295,2295,2295,2295,2295,2295,2295
286,2XL,Mix,Kurta,0.3,529,2138,2295,2295,2295,2295,2295,2295,2295,2295,2295
287,3XL,Mix,Kurta,0.3,529,2138,2295,2295,2295,2295,2295,2295,2295,2295,2295
288,S,Mix,Kurta,0.3,570,2298,2295,2295,2295,2295,2295,2295,2295,2295,2295
289,M,Mix,Kurta,0.3,570,2298,2295,2295,2295,2295,2295,2295,2295,2295,2295
290,L,Mix,Kurta,0.3,570,2298,2295,2295,2295,2295,2295,2295,2295,2295,2295
291,XL,Mix,Kurta,0.3,570,2298,2295,2295,2295,2295,2295,2295,2295,2295,2295
292,2XL,Mix,Kurta,0.3,570,2298,2295,2295,2295,2295,2295,2295,2295,2295,2295
293,3XL,Mix,Kurta,0.3,570,2298,2295,2295,2295,2295,2295,2295,2295,2295,2295
294,S,Mix,Kurta,0.3,570,2298,2295,2295,2295,2295,2295,2295,2295,2295,2295
295,M,Mix,Kurta,0.3,570,2298,2295,2295,2295,2295,2295,2295,2295,2295,2295
296,L,Mix,Kurta,0.3,570,2298,2295,2295,2295,2295,2295,2295,2295,2295,2295
297,XL,Mix,Kurta,0.3,570,2298,2295,2295,2295,2295,2295,2295,2295,2295,2295
298,2XL,Mix,Kurta,0.3,570,2298,2295,2295,2295,2295,2295,2295,2295,2295,2295
299,3XL,Mix,Kurta,0.3,570,2298,2295,2295,2295,2295,2295,2295,2295,2295,2295
300,S,Mix,Kurta,0.3,570,2298,2295,2295,2295,2295,2295,2295,2295,2295,2295
301,M,Mix,Kurta,0.3,570,2298,2295,2295,2295,2295,2295,2295,2295,2295,2295
302,L,Mix,Kurta,0.3,570,2298,2295,2295,2295,2295,2295,2295,2295,2295,2295
303,XL,Mix,Kurta,0.3,570,2298,2295,2295,2295,2295,2295,2295,2295,2295,2295
304,2XL,Mix,Kurta,0.3,570,2298,2295,2295,2295,2295,2295,2295,2295,2295,2295
305,3XL,Mix,Kurta,0.3,570,2298,2295,2295,2295,2295,2295,2295,2295,2295,2295
306,S,Mix,Kurta,0.3,724,2918,3095,3095,3095,3095,3095,3095,3095,3095,3095
307,M,Mix,Kurta,0.3,724,2918,3095,3095,3095,3095,3095,3095,3095,3095,3095
308,L,Mix,Kurta,0.3,724,2918,3095,3095,3095,3095,3095,3095,3095,3095,3095
309,XL,Mix,Kurta,0.3,724,2918,3095,3095,3095,3095,3095,3095,3095,3095,3095
310,2XL,Mix,Kurta,0.3,724,2918,3095,3095,3095,3095,3095,3095,3095,3095,3095
311,3XL,Mix,Kurta,0.3,724,2918,3095,3095,3095,3095,3095,3095,3095,3095,3095
312,S,Mix,Kurta,0.3,538,2178,2295,2295,2295,2295,2295,2295,2295,2295,2295
313,M,Mix,Kurta,0.3,538,2178,2295,2295,2295,2295,2295,2295,2295,2295,2295
314,L,Mix,Kurta,0.3,538,2178,2295,2295,2295,2295,2295,2295,2295,2295,2295
315,XL,Mix,Kurta,0.3,538,2178,2295,2295,2295,2295,2295,2295,2295,2295,2295
316,2XL,Mix,Kurta,0.3,538,2178,2295,2295,2295,2295,2295,2295,2295,2295,2295
317,3XL,Mix,Kurta,0.3,538,2178,2295,2295,2295,2295,2295,2295,2295,2295,2295
318,S,Mix,Kurta,0.3,570,2298,2395,2395,2395,2395,2395,2395,2395,2395,2395
319,M,Mix,Kurta,0.3,570,2298,2395,2395,2395,2395,2395,2395,2395,2395,2395
320,L,Mix,Kurta,0.3,570,2298,2395,2395,2395,2395,2395,2395,2395,2395,2395
321,XL,Mix,Kurta,0.3,570,2298,2395,2395,2395,2395,2395,2395,2395,2395,2395
322,2XL,Mix,Kurta,0.3,570,2298,2395,2395,2395,2395,2395,2395,2395,2395,2395
323,3XL,Mix,Kurta,0.3,570,2298,2395,2395,2395,2395,2395,2395,2395,2395,2395
324,S,Mix,Kurta,0.3,570,2298,2395,2395,2395,2395,2395,2395,2395,2395,2395
325,M,Mix,Kurta,0.3,570,2298,2395,2395,2395,2395,2395,2395,2395,2395,2395
326,L,Mix,Kurta,0.3,570,2298,2395,2395,2395,2395,2395,2395,2395,2395,2395
327,XL,Mix,Kurta,0.3,570,2298,2395,2395,2395,2395,2395,2395,2395,2395,2395
328,2XL,Mix,Kurta,0.3,570,2298,2395,2395,2395,2395,2395,2395,2395,2395,2395
329,3XL,Mix,Kurta,0.3,570,2298,2395,2395,2395,2395,2395,2395,2395,2395,2395
330,S,Mix,Kurta,0.3,529,2138,2395,2395,2395,2395,2395,2395,2395,2395,2395
331,M,Mix,Kurta,0.3,529,2138,2395,2395,2395,2395,2395,2395,2395,2395,2395
332,L,Mix,Kurta,0.3,529,2138,2395,2395,2395,2395,2395,2395,2395,2395,2395
333,XL,Mix,Kurta,0.3,529,2138,2395,2395,2395,2395,2395,2395,2395,2395,2395
334,2XL,Mix,Kurta,0.3,529,2138,2395,2395,2395,2395,2395,2395,2395,2395,2395
335,3XL,Mix,Kurta,0.3,529,2138,2395,2395,2395,2395,2395,2395,2395,2395,2395
336,S,Mix,Kurta,0.3,529,2138,2395,2395,2395,2395,2395,2395,2395,2395,2395
337,M,Mix,Kurta,0.3,529,2138,2395,2395,2395,2395,2395,2395,2395,2395,2395
338,L,Mix,Kurta,0.3,529,2138,2395,2395,2395,2395,2395,2395,2395,2395,2395
339,XL,Mix,Kurta,0.3,529,2138,2395,2395,2395,2395,2395,2395,2395,2395,2395
340,2XL,Mix,Kurta,0.3,529,2138,2395,2395,2395,2395,2395,2395,2395,2395,2395
341,3XL,Mix,Kurta,0.3,529,2210,2395,2395,2395,2395,2295,2295,2395,2395,2395
342,S,Mix,Kurta,0.3,424,2240,1695,1695,1695,1695,1695,1795,1695,1895,1695
343,M,Mix,Kurta,0.3,424,1695,1695,1695,1695,1695,1695,1795,1695,1895,1695
344,L,Mix,Kurta,0.3,424,1695,1695,1695,1695,1695,1695,1795,1695,1895,1695
345,XL,Mix,Kurta,0.3,424,1695,1695,1695,1695,1695,1695,1795,1695,1895,1695
346,2XL,Mix,Kurta,0.3,424,1695,1695,1695,1695,1695,1695,1795,1695,1895,1695
347,3XL,Mix,Kurta,0.3,424,1695,1695,1695,1695,1695,1695,1795,1695,1895,1695
348,S,Mix,Kurta,0.3,424,1695,1695,1695,1695,1695,1695,1795,1695,1895,1695
349,M,Mix,Kurta,0.3,424,1695,1695,1695,1695,1695,1695,1795,1695,1895,1695
350,L,Mix,Kurta,0.3,424,1695,1695,1695,1695,1695,1695,1795,1695,1895,1695
351,XL,Mix,Kurta,0.3,424,1695,1695,1695,1695,1695,1695,1795,1695,1895,1695
352,2XL,Mix,Kurta,0.3,424,1695,1695,1695,1695,1695,1695,1795,1695,1895,1695
353,3XL,Mix,Kurta,0.3,424,1695,1695,1695,1695,1695,1695,1795,1695,1895,1695
354,S,Mix,Kurta,0.3,381,1595,1595,1595,1595,1595,1595,1595,1595,1595,1595
355,M,Mix,Kurta,0.3,381,1595,1595,1595,1595,1595,1595,1595,1595,1595,1595
356,L,Mix,Kurta,0.3,381,1595,1595,1595,1595,1595,1595,1595,1595,1595,1595
357,XL,Mix,Kurta,0.3,381,1595,1595,1595,1595,1595,1595,1595,1595,1595,1595
358,2XL,Mix,Kurta,0.3,381,1595,1595,1595,1595,1595,1595,1595,1595,1595,1595
359,3XL,Mix,Kurta,0.3,381,1595,1595,1595,1595,1595,1595,1595,1595,1595,1595
360,S,Mix,Kurta,0.3,381,1595,1595,1595,1595,1595,1595,1595,1595,1595,1595
361,M,Mix,Kurta,0.3,381,1595,1595,1595,1595,1595,1595,1595,1595,1595,1595
362,L,Mix,Kurta,0.3,381,1595,1595,1595,1595,1595,1595,1595,1595,1595,1595
363,XL,Mix,Kurta,0.3,381,1595,1595,1595,1595,1595,1595,1595,1595,1595,1595
364,2XL,Mix,Kurta,0.3,381,1595,1595,1595,1595,1595,1595,1595,1595,1595,1595
365,3XL,Mix,Kurta,0.3,381,1595,1595,1595,1595,1595,1595,1595,1595,1595,1595
366,S,Mix,Kurta,0.3,471,1895,1895,1895,1895,1895,1895,1995,1895,1895,1895
367,M,Mix,Kurta,0.3,471,1895,1895,1895,1895,1895,1895,1995,1895,1895,1895
368,L,Mix,Kurta,0.3,471,1895,1895,1895,1895,1895,1895,1995,1895,1895,1995
369,XL,Mix,Kurta,0.3,471,1895,1895,1895,1895,1895,1895,1995,1895,1895,1995
370,2XL,Mix,Kurta,0.3,471,1895,1895,1895,1895,1895,1895,1995,1895,1895,1895
371,3XL,Mix,Kurta,0.3,471,1895,1895,1895,1895,1895,1895,1995,1895,1895,1895
372,S,Mix,Kurta,0.3,471,1895,1895,1895,1895,1895,1895,1995,1895,1895,1995
373,M,Mix,Kurta,0.3,471,1895,1895,1895,1895,1895,1895,1995,1895,1895,1995
374,L,Mix,Kurta,0.3,471,1895,1895,1895,1895,1895,1895,1995,1895,1895,1995
375,XL,Mix,Kurta,0.3,471,1895,1895,1895,1895,1895,1895,1995,1895,1895,1995
376,2XL,Mix,Kurta,0.3,471,1895,1895,1895,1895,1895,1895,1995,1895,1895,1995
377,3XL,Mix,Kurta,0.3,471,1895,1895,1895,1895,1895,1895,1995,1895,1895,1995
378,S,Mix,Kurta,0.3,471,1895,1895,1895,1895,1895,1895,1995,1895,1895,1895
379,M,Mix,Kurta,0.3,471,1895,1895,1895,1895,1895,1895,1995,1895,1895,1995
380,L,Mix,Kurta,0.3,471,1895,1895,1895,1895,1895,1895,1995,1895,1895,1995
381,XL,Mix,Kurta,0.3,471,1895,1895,1895,1895,1895,1895,1995,1895,1895,1995
382,2XL,Mix,Kurta,0.3,471,1895,1895,1895,1895,1895,1895,1995,1895,1895,1895
383,3XL,Mix,Kurta,0.3,471,1895,1895,1895,1895,1895,1895,1995,1895,1895,1895
384,S,Mix,Kurta,0.3,381,1595,1595,1595,1595,1595,1595,1595,1595,1595,1595
385,M,Mix,Kurta,0.3,381,1595,1595,1595,1595,1595,1595,1595,1595,1595,1595
386,L,Mix,Kurta,0.3,381,1595,1595,1595,1595,1595,1595,1595,1595,1595,1595
387,XL,Mix,Kurta,0.3,381,1595,1595,1595,1595,1595,1595,1595,1595,1595,1595
388,2XL,Mix,Kurta,0.3,381,1595,1595,1595,1595,1595,1595,1595,1595,1595,1595
389,3XL,Mix,Kurta,0.3,381,1595,1595,1595,1595,1595,1595,1595,1595,1595,1595
390,S,Mix,Kurta,0.3,286,1195,1195,1195,1195,1195,1195,1195,1195,1195,1195
391,M,Mix,Kurta,0.3,286,1195,1195,1195,1195,1195,1195,1195,1195,1195,1195
392,L,Mix,Kurta,0.3,286,1195,1195,1195,1195,1195,1195,1195,1195,1195,1195
393,XL,Mix,Kurta,0.3,286,1195,1195,1195,1195,1195,1195,1195,1195,1195,1195
394,2XL,Mix,Kurta,0.3,286,1195,1195,1195,1195,1195,1195,1195,1195,1195,1195
395,3XL,Mix,Kurta,0.3,286,1195,1195,1195,1195,1195,1195,1195,1195,1195,1195
396,S,Mix,Kurta,0.3,381,1595,1595,1595,1595,1595,1595,1595,1595,1595,1595
397,M,Mix,Kurta,0.3,381,1595,1595,1595,1595,1595,1595,1595,1595,1595,1595
398,L,Mix,Kurta,0.3,381,1595,1595,1595,1595,1595,1595,1595,1595,1595,1595
399,XL,Mix,Kurta,0.3,381,1595,1595,1595,1595,1595,1595,1595,1595,1595,1595
400,2XL,Mix,Kurta,0.3,381,1595,1595,1595,1595,1595,1595,1595,1595,1595,1595
401,3XL,Mix,Kurta,0.3,381,1595,1595,1595,1595,1595,1595,1595,1595,1595,1595
402,S,Mix,Kurta,0.3,500,1995,1995,1995,1995,1995,1995,2095,1995,1995,2095
403,M,Mix,Kurta,0.3,500,1995,1995,1995,1995,1995,1995,2095,1995,1995,2095
404,L,Mix,Kurta,0.3,500,1995,1995,1995,1995,1995,1995,2095,1995,1995,2095
405,XL,Mix,Kurta,0.3,500,1995,1995,1995,1995,1995,1995,2095,1995,1995,2095
406,2XL,Mix,Kurta,0.3,500,1995,1995,1995,1995,1995,1995,2095,1995,1995,2095
407,3XL,Mix,Kurta,0.3,500,1995,1995,1995,1995,1995,1995,2095,1995,1995,2095
408,S,Mix,Kurta,0.3,471,1895,1895,1895,1895,1895,1895,1995,1895,1895,1995
409,M,Mix,Kurta,0.3,471,1895,1895,1895,1895,1895,1895,1995,1895,1895,1995
410,L,Mix,Kurta,0.3,471,1895,1895,1895,1895,1895,1895,1995,1895,1895,1995
411,XL,Mix,Kurta,0.3,471,1895,1895,1895,1895,1895,1895,1995,1895,1895,1995
412,2XL,Mix,Kurta,0.3,471,1895,1895,1895,1895,1895,1895,1995,1895,1895,1995
413,3XL,Mix,Kurta,0.3,471,1895,1895,1895,1895,1895,1895,1995,1895,1895,1995
414,S,Mix,Kurta,0.3,381,1595,1595,1595,1595,1595,1595,1595,1595,1595,1595
415,M,Mix,Kurta,0.3,381,1595,1595,1595,1595,1595,1595,1595,1595,1595,1595
416,L,Mix,Kurta,0.3,381,1595,1595,1595,1595,1595,1595,1595,1595,1595,1595
417,XL,Mix,Kurta,0.3,381,1595,1595,1595,1595,1595,1595,1595,1595,1595,1595
418,2XL,Mix,Kurta,0.3,381,1595,1595,1595,1595,1595,1595,1595,1595,1595,1595
419,3XL,Mix,Kurta,0.3,381,1595,1595,1595,1595,1595,1595,1595,1595,1595,1595
420,S,Mix,Kurta,0.3,381,1595,1595,1595,1595,1595,1595,1595,1595,1595,1595
421,M,Mix,Kurta,0.3,381,1595,1595,1595,1595,1595,1595,1595,1595,1595,1595
422,L,Mix,Kurta,0.3,381,1595,1595,1595,1595,1595,1595,1595,1595,1595,1595
423,XL,Mix,Kurta,0.3,381,1595,1595,1595,1595,1595,1595,1595,1595,1595,1595
424,2XL,Mix,Kurta,0.3,381,1595,1595,1595,1595,1595,1595,1595,1595,1595,1595
425,3XL,Mix,Kurta,0.3,381,1595,1595,1595,1595,1595,1595,1595,1595,1595,1595
426,S,Mix,Kurta,0.3,381,1595,1595,1595,1595,1595,1595,1595,1595,1595,1595
427,M,Mix,Kurta,0.3,381,1595,1595,1595,1595,1595,1595,1595,1595,1595,1595
428,L,Mix,Kurta,0.3,381,1595,1595,1595,1595,1595,1595,1595,1595,1595,1595
429,XL,Mix,Kurta,0.3,381,1595,1595,1595,1595,1595,1595,1595,1595,1595,1595
430,2XL,Mix,Kurta,0.3,381,1595,1595,1595,1595,1595,1595,1595,1595,1595,1595
431,3XL,Mix,Kurta,0.3,381,1595,1595,1595,1595,1595,1595,1595,1595,1595,1595
432,S,Mix,Kurta,0.3,381,1595,1595,1595,1595,1595,1595,1595,1595,1595,1595
433,M,Mix,Kurta,0.3,381,1595,1595,1595,1595,1595,1595,1595,1595,1595,1595
434,L,Mix,Kurta,0.3,381,1595,1595,1595,1595,1595,1595,1595,1595,1595,1595
435,XL,Mix,Kurta,0.3,381,1595,1595,1595,1595,1595,1595,1595,1595,1595,1595
436,2XL,Mix,Kurta,0.3,381,1595,1595,1595,1595,1595,1595,1595,1595,1595,1595
437,3XL,Mix,Kurta,0.3,381,1595,1595,1595,1595,1595,1595,1595,1595,1595,1595
438,S,Mix,Kurta,0.3,581,2395,2395,2395,2395,2395,2395,2495,2395,2395,2395
439,M,Mix,Kurta,0.3,581,2395,2395,2395,2395,2395,2395,2495,2395,2395,2395
440,L,Mix,Kurta,0.3,581,2395,2395,2395,2395,2395,2395,2495,2395,2395,2495
441,XL,Mix,Kurta,0.3,581,2395,2395,2395,2395,2395,2395,2495,2395,2395,2495
442,2XL,Mix,Kurta,0.3,581,2395,2395,2395,2395,2395,2395,2495,2395,2395,2395
443,3XL,Mix,Kurta,0.3,581,2395,2395,2395,2395,2395,2395,2495,2395,2395,2395
444,S,Mix,Kurta,0.3,381,1595,1595,1595,1595,1595,1595,1595,1595,1595,1595
445,M,Mix,Kurta,0.3,381,1595,1595,1595,1595,1595,1595,1595,1595,1595,1595
446,L,Mix,Kurta,0.3,381,1595,1595,1595,1595,1595,1595,1595,1595,1595,1595
447,XL,Mix,Kurta,0.3,381,1595,1595,1595,1595,1595,1595,1595,1595,1595,1595
448,2XL,Mix,Kurta,0.3,381,1595,1595,1595,1595,1595,1595,1595,1595,1595,1595
449,3XL,Mix,Kurta,0.3,381,1595,1595,1595,1595,1595,1595,1595,1595,1595,1595
450,S,Mix,Kurta,0.3,471,1895,1895,1895,1895,1895,1895,1995,1895,1895,1995
451,M,Mix,Kurta,0.3,471,1895,1895,1895,1895,1895,1895,1995,1895,1895,1995
452,L,Mix,Kurta,0.3,471,1895,1895,1895,1895,1895,1895,1995,1895,1895,1995
453,XL,Mix,Kurta,0.3,471,1895,1895,1895,1895,1895,1895,1995,1895,1895,1995
454,2XL,Mix,Kurta,0.3,471,1895,1895,1895,1895,1895,1895,1995,1895,1895,1995
455,3XL,Mix,Kurta,0.3,471,1895,1895,1895,1895,1895,1895,1995,1895,1895,1995
456,S,Mix,Kurta,0.3,457,1895,1895,1895,1895,1895,1895,1895,1895,1895,1895
457,M,Mix,Kurta,0.3,457,1895,1895,1895,1895,1895,1895,1895,1895,1895,1895
458,L,Mix,Kurta,0.3,457,1895,1895,1895,1895,1895,1895,1895,1895,1895,1895
459,XL,Mix,Kurta,0.3,457,1895,1895,1895,1895,1895,1895,1895,1895,1895,1895
460,2XL,Mix,Kurta,0.3,457,1895,1895,1895,1895,1895,1895,1895,1895,1895,1895
461,3XL,Mix,Kurta,0.3,457,1895,1895,1895,1895,1895,1895,1895,1895,1895,1895
462,S,Mix,Kurta,0.3,424,1695,1695,1695,1695,1695,1695,1795,1695,1695,1695
463,M,Mix,Kurta,0.3,424,1695,1695,1695,1695,1695,1695,1795,1695,1695,1695
464,L,Mix,Kurta,0.3,424,1695,1695,1695,1695,1695,1695,1795,1695,1695,1695
465,XL,Mix,Kurta,0.3,424,1695,1695,1695,1695,1695,1695,1795,1695,1695,1695
466,2XL,Mix,Kurta,0.3,424,1695,1695,1695,1695,1695,1695,1795,1695,1695,1695
467,3XL,Mix,Kurta,0.3,424,1695,1695,1695,1695,1695,1695,1795,1695,1695,1695
468,S,Mix,Kurta,0.3,424,1695,1695,1695,1695,1695,1695,1795,1695,1695,1795
469,M,Mix,Kurta,0.3,424,1695,1695,1695,1695,1695,1695,1795,1695,1695,1795
470,L,Mix,Kurta,0.3,424,1695,1695,1695,1695,1695,1695,1795,1695,1695,1795
471,XL,Mix,Kurta,0.3,424,1695,1695,1695,1695,1695,1695,1795,1695,1695,1795
472,2XL,Mix,Kurta,0.3,424,1695,1695,1695,1695,1695,1695,1795,1695,1695,1795
473,3XL,Mix,Kurta,0.3,424,1695,1695,1695,1695,1695,1695,1795,1695,1695,1795
474,S,Mix,Kurta,0.3,500,1995,1995,1995,1995,1995,1995,2095,1995,1995,2095
475,XS,Mix,Kurta,0.3,500,1995,1995,1995,1995,1995,1995,2095,1995,1995,2095
476,M,Mix,Kurta,0.3,500,1995,1995,1995,1995,1995,1995,2095,1995,1995,2095
477,L,Mix,Kurta,0.3,500,1995,1995,1995,1995,1995,1995,2095,1995,1995,2095
478,XL,Mix,Kurta,0.3,500,1995,1995,1995,1995,1995,1995,2095,1995,1995,2095
479,2XL,Mix,Kurta,0.3,500,1995,1995,1995,1995,1995,1995,2095,1995,1995,2095
480,3XL,Mix,Kurta,0.3,500,1995,1995,1995,1995,1995,1995,2095,1995,1995,2095
481,M,Mix,Kurta,0.3,457,1895,1895,1895,1895,1895,1895,1995,1895,1895,1995
482,S,Mix,Kurta,0.3,457,1895,1895,1895,1895,1895,1895,1995,1895,1895,1995
483,L,Mix,Kurta,0.3,457,1895,1895,1895,1895,1895,1895,1995,1895,1895,1995
484,XL,Mix,Kurta,0.3,457,1895,1895,1895,1895,1895,1895,1995,1895,1895,1995
485,2XL,Mix,Kurta,0.3,457,1895,1895,1895,1895,1895,1895,1995,1895,1895,1995
486,3XL,Mix,Kurta,0.3,457,1895,1895,1895,1895,1895,1895,1995,1895,1895,1995
487,S,Mix,Kurta,0.3,424,1695,1695,1695,1695,1695,1695,1795,1695,1695,1695
488,M,Mix,Kurta,0.3,424,1695,1695,1695,1695,1695,1695,1795,1695,1695,1695
489,L,Mix,Kurta,0.3,424,1695,1695,1695,1695,1695,1695,1795,1695,1695,1695
490,XL,Mix,Kurta,0.3,424,1695,1695,1695,1695,1695,1695,1795,1695,1695,1695
491,2XL,Mix,Kurta,0.3,424,1695,1695,1695,1695,1695,1695,1795,1695,1695,1695
492,3XL,Mix,Kurta,0.3,424,1695,1695,1695,1695,1695,1695,1795,1695,1695,1695
493,S,Mix,Kurta,0.3,425,1795,1795,1795,1695,1695,1795,1795,1795,1795,1795
494,M,Mix,Kurta,0.3,425,1795,1795,1795,1695,1695,1795,1795,1795,1795,1795
495,L,Mix,Kurta,0.3,425,1795,1795,1795,1695,1695,1795,1795,1795,1795,1795
496,XL,Mix,Kurta,0.3,425,1795,1795,1795,1695,1695,1795,1795,1795,1795,1795
497,2XL,Mix,Kurta,0.3,425,1795,1795,1795,1695,1695,1795,1795,1795,1795,1795
498,3XL,Mix,Kurta,0.3,425,1795,1795,1795,1695,1695,1795,1795,1795,1795,1795
499,S,Mix,Kurta,0.3,425,1795,1795,1795,1695,1695,1795,1795,1795,1795,1795
500,M,Mix,Kurta,0.3,425,1795,1795,1795,1695,1695,1795,1795,1795,1795,1795
501,L,Mix,Kurta,0.3,425,1795,1795,1795,1695,1695,1795,1795,1795,1795,1795
502,XL,Mix,Kurta,0.3,425,1795,1795,1795,1695,1695,1795,1795,1795,1795,1795
503,2XL,Mix,Kurta,0.3,425,1795,1795,1795,1695,1695,1795,1795,1795,1795,1795
504,3XL,Mix,Kurta,0.3,425,1795,1795,1795,1695,1695,1795,1795,1795,1795,1795
505,S,Mix,Kurta,0.3,425,1795,1795,1795,1695,1695,1795,1795,1795,1795,1795
506,M,Mix,Kurta,0.3,425,1795,1795,1795,1695,1695,1795,1795,1795,1795,1795
507,L,Mix,Kurta,0.3,425,1795,1795,1795,1695,1695,1795,1795,1795,1795,1795
508,XL,Mix,Kurta,0.3,425,1795,1795,1795,1695,1695,1795,1795,1795,1795,1795
509,2XL,Mix,Kurta,0.3,425,1795,1795,1795,1695,1695,1795,1795,1795,1795,1795
510,3XL,Mix,Kurta,0.3,425,1795,1795,1795,1695,1695,1795,1795,1795,1795,1795
511,S,Mix,Kurta,0.3,395,1695,1695,1695,1895,1895,1695,1695,1695,1695,1695
512,M,Mix,Kurta,0.3,395,1695,1695,1695,1895,1895,1695,1695,1695,1695,1695
513,L,Mix,Kurta,0.3,395,1695,1695,1695,1895,1895,1695,1695,1695,1695,1695
514,XL,Mix,Kurta,0.3,395,1695,1695,1695,1895,1895,1695,1695,1695,1695,1695
515,2XL,Mix,Kurta,0.3,395,1695,1695,1695,1895,1895,1695,1695,1695,1695,1695
516,3XL,Mix,Kurta,0.3,395,1695,1695,1695,1895,1895,1695,1695,1695,1695,1695
517,S,Mix,Kurta,0.3,395,1695,1695,1695,1895,1895,1695,1695,1695,1695,1695
518,M,Mix,Kurta,0.3,395,1695,1695,1695,1895,1895,1695,1695,1695,1695,1695
519,L,Mix,Kurta,0.3,395,1695,1695,1695,1895,1895,1695,1695,1695,1695,1695
520,XL,Mix,Kurta,0.3,395,1695,1695,1695,1895,1895,1695,1695,1695,1695,1695
521,2XL,Mix,Kurta,0.3,395,1695,1695,1695,1895,1895,1695,1695,1695,1695,1695
522,3XL,Mix,Kurta,0.3,395,1695,1695,1695,1895,1895,1695,1695,1695,1695,1695
523,S,Mix,Kurta,0.3,395,1695,1695,1695,1895,1895,1695,1695,1695,1695,1695
524,M,Mix,Kurta,0.3,395,1695,1695,1695,1895,1895,1695,1695,1695,1695,1695
525,L,Mix,Kurta,0.3,395,1695,1695,1695,1895,1895,1695,1695,1695,1695,1695
526,XL,Mix,Kurta,0.3,395,1695,1695,1695,1895,1895,1695,1695,1695,1695,1695
527,2XL,Mix,Kurta,0.3,395,1695,1695,1695,1895,1895,1695,1695,1695,1695,1695
528,3XL,Mix,Kurta,0.3,395,1695,1695,1695,1895,1895,1695,1695,1695,1695,1695
529,S,Mix,Kurta,0.3,395,1695,1695,1695,1695,1695,1695,1695,1695,1695,1695
530,M,Mix,Kurta,0.3,395,1695,1695,1695,1695,1695,1695,1695,1695,1695,1695
531,L,Mix,Kurta,0.3,395,1695,1695,1695,1695,1695,1695,1695,1695,1695,1695
532,XL,Mix,Kurta,0.3,395,1695,1695,1695,1695,1695,1695,1695,1695,1695,1695
533,2XL,Mix,Kurta,0.3,395,1695,1695,1695,1695,1695,1695,1695,1695,1695,1695
534,3XL,Mix,Kurta,0.3,395,1695,1695,1695,1695,1695,1695,1695,1695,1695,1695
535,S,Mix,Kurta,0.3,395,1695,1695,1695,1895,1895,1695,1695,1695,1695,1695
536,M,Mix,Kurta,0.3,395,1695,1695,1695,1895,1895,1695,1695,1695,1695,1695
537,L,Mix,Kurta,0.3,395,1695,1695,1695,1895,1895,1695,1695,1695,1695,1695
538,XL,Mix,Kurta,0.3,395,1695,1695,1695,1895,1895,1695,1695,1695,1695,1695
539,2XL,Mix,Kurta,0.3,395,1695,1695,1695,1895,1895,1695,1695,1695,1695,1695
540,3XL,Mix,Kurta,0.3,395,1695,1695,1695,1895,1895,1695,1695,1695,1695,1695
541,S,Mix,Kurta,0.3,395,1695,1695,1695,1695,1695,1695,1695,1695,1695,1695
542,M,Mix,Kurta,0.3,395,1695,1695,1695,1695,1695,1695,1695,1695,1695,1695
543,L,Mix,Kurta,0.3,395,1695,1695,1695,1695,1695,1695,1695,1695,1695,1695
544,XL,Mix,Kurta,0.3,395,1695,1695,1695,1695,1695,1695,1695,1695,1695,1695
545,2XL,Mix,Kurta,0.3,395,1695,1695,1695,1695,1695,1695,1695,1695,1695,1695
546,3XL,Mix,Kurta,0.3,395,1695,1695,1695,1695,1695,1695,1695,1695,1695,1695
547,S,Mix,Kurta,0.3,395,1695,1695,1695,2495,2495,1695,1695,1695,1695,1695
548,M,Mix,Kurta,0.3,395,1695,1695,1695,2495,2495,1695,1695,1695,1695,1695
549,L,Mix,Kurta,0.3,395,1695,1695,1695,2495,2495,1695,1695,1695,1695,1695
550,XL,Mix,Kurta,0.3,395,1695,1695,1695,2495,2495,1695,1695,1695,1695,1695
551,2XL,Mix,Kurta,0.3,395,1695,1695,1695,2495,2495,1695,1695,1695,1695,1695
552,3XL,Mix,Kurta,0.3,395,1695,1695,1695,2495,2495,1695,1695,1695,1695,1695
553,S,Mix,Kurta,0.3,425,1795,1795,1795,1795,1795,1795,1795,1795,1795,1795
554,M,Mix,Kurta,0.3,425,1795,1795,1795,1795,1795,1795,1795,1795,1795,1795
555,L,Mix,Kurta,0.3,425,1795,1795,1795,1795,1795,1795,1795,1795,1795,1795
556,XL,Mix,Kurta,0.3,425,1795,1795,1795,1795,1795,1795,1795,1795,1795,1795
557,2XL,Mix,Kurta,0.3,425,1795,1795,1795,1795,1795,1795,1795,1795,1795,1795
558,3XL,Mix,Kurta,0.3,425,1795,1795,1795,1795,1795,1795,1795,1795,1795,1795
559,XS,Mix,Kurta,0.3,395,1695,1695,1695,1695,1695,1695,1695,1695,1695,1695
560,S,Mix,Kurta,0.3,395,1695,1695,1695,1695,1695,1695,1695,1695,1695,1695
561,M,Mix,Kurta,0.3,395,1695,1695,1695,1695,1695,1695,1695,1695,1695,1695
562,L,Mix,Kurta,0.3,395,1695,1695,1695,1695,1695,1695,1695,1695,1695,1695
563,XL,Mix,Kurta,0.3,395,1695,1695,1695,1695,1695,1695,1695,1695,1695,1695
564,2XL,Mix,Kurta,0.3,395,1695,1695,1695,1695,1695,1695,1695,1695,1695,1695
565,3XL,Mix,Kurta,0.3,395,1695,1695,1695,1695,1695,1695,1695,1695,1695,1695
566,S,Mix,Kurta,0.3,395,1695,1695,1695,1695,1695,1695,1695,1695,1695,1695
567,M,Mix,Kurta,0.3,395,1695,1695,1695,1695,1695,1695,1695,1695,1695,1695
568,L,Mix,Kurta,0.3,395,1695,1695,1695,1695,1695,1695,1695,1695,1695,1695
569,XL,Mix,Kurta,0.3,395,1695,1695,1695,1695,1695,1695,1695,1695,1695,1695
570,2XL,Mix,Kurta,0.3,395,1695,1695,1695,1695,1695,1695,1695,1695,1695,1695
571,3XL,Mix,Kurta,0.3,395,1695,1695,1695,1695,1695,1695,1695,1695,1695,1695
572,S,Mix,Gown,0.4,695,2795,2795,2795,2795,2795,2795,2795,2795,2795,2795
573,M,Mix,Gown,0.4,695,2795,2795,2795,2795,2795,2795,2795,2795,2795,2795
574,L,Mix,Gown,0.4,695,2795,2795,2795,2795,2795,2795,2795,2795,2795,2795
575,XL,Mix,Gown,0.4,695,2795,2795,2795,2795,2795,2795,2795,2795,2795,2795
576,2XL,Mix,Gown,0.4,695,2795,2795,2795,2795,2795,2795,2795,2795,2795,2795
577,S,Mix,Gown,0.4,695,2795,2795,2795,2795,2795,2795,2795,2795,2795,2795
578,M,Mix,Gown,0.4,695,2795,2795,2795,2795,2795,2795,2795,2795,2795,2795
579,L,Mix,Gown,0.4,695,2795,2795,2795,2795,2795,2795,2795,2795,2795,2795
580,XL,Mix,Gown,0.4,695,2795,2795,2795,2795,2795,2795,2795,2795,2795,2795
581,2XL,Mix,Gown,0.4,695,2795,2795,2795,2795,2795,2795,2795,2795,2795,2795
582,S,Mix,Gown,0.4,695,2795,2795,2795,2795,2795,2795,2795,2795,2795,2795
583,M,Mix,Gown,0.4,695,2795,2795,2795,2795,2795,2795,2795,2795,2795,2795
584,L,Mix,Gown,0.4,695,2795,2795,2795,2795,2795,2795,2795,2795,2795,2795
585,XL,Mix,Gown,0.4,695,2795,2795,2795,2795,2795,2795,2795,2795,2795,2795
586,2XL,Mix,Gown,0.4,695,2795,2795,2795,2795,2795,2795,2795,2795,2795,2795
587,S,Mix,Gown,0.4,695,2795,2795,2795,2795,2795,2795,2795,2795,2795,2795
588,M,Mix,Gown,0.4,695,2795,2795,2795,2795,2795,2795,2795,2795,2795,2795
589,L,Mix,Gown,0.4,695,2795,2795,2795,2795,2795,2795,2795,2795,2795,2795
590,XL,Mix,Gown,0.4,695,2795,2795,2795,2795,2795,2795,2795,2795,2795,2795
591,2XL,Mix,Gown,0.4,695,2795,2795,2795,2795,2795,2795,2795,2795,2795,2795
592,S,Mix,Kurta,0.3,395,1695,1695,1695,1695,1695,1695,1695,1695,1695,1695
593,M,Mix,Kurta,0.3,395,1695,1695,1695,1695,1695,1695,1695,1695,1695,1695
594,L,Mix,Kurta,0.3,395,1695,1695,1695,1695,1695,1695,1695,1695,1695,1695
595,XL,Mix,Kurta,0.3,395,1695,1695,1695,1695,1695,1695,1695,1695,1695,1695
596,2XL,Mix,Kurta,0.3,395,1695,1695,1695,1695,1695,1695,1695,1695,1695,1695
597,3XL,Mix,Kurta,0.3,395,1695,1695,1695,1695,1695,1695,1695,1695,1695,1695
598,S,Mix,Kurta,0.3,395,1695,1695,1695,1695,1695,1695,1695,1695,1695,1695
599,M,Mix,Kurta,0.3,395,1695,1695,1695,1695,1695,1695,1695,1695,1695,1695
600,L,Mix,Kurta,0.3,395,1695,1695,1695,1695,1695,1695,1695,1695,1695,1695
601,XL,Mix,Kurta,0.3,395,1695,1695,1695,1695,1695,1695,1695,1695,1695,1695
602,2XL,Mix,Kurta,0.3,395,1695,1695,1695,1695,1695,1695,1695,1695,1695,1695
603,3XL,Mix,Kurta,0.3,395,1695,1695,1695,1695,1695,1695,1695,1695,1695,1695
604,S,Mix,Kurta,0.3,395,1695,1695,1695,1695,1695,1695,1695,1695,1695,1695
605,M,Mix,Kurta,0.3,395,1695,1695,1695,1695,1695,1695,1695,1695,1695,1695
606,L,Mix,Kurta,0.3,395,1695,1695,1695,1695,1695,1695,1695,1695,1695,1695
607,XL,Mix,Kurta,0.3,395,1695,1695,1695,1695,1695,1695,1695,1695,1695,1695
608,2XL,Mix,Kurta,0.3,395,1695,1695,1695,1695,1695,1695,1695,1695,1695,1695
609,3XL,Mix,Kurta,0.3,395,1695,1695,1695,1695,1695,1695,1695,1695,1695,1695
610,S,Mix,Kurta,0.3,395,1695,1695,1695,1695,1695,1695,1695,1695,1695,1695
611,M,Mix,Kurta,0.3,395,1695,1695,1695,1695,1695,1695,1695,1695,1695,1695
612,L,Mix,Kurta,0.3,395,1695,1695,1695,1695,1695,1695,1695,1695,1695,1695
613,XL,Mix,Kurta,0.3,395,1695,1695,1695,1695,1695,1695,1695,1695,1695,1695
614,2XL,Mix,Kurta,0.3,395,1695,1695,1695,1695,1695,1695,1695,1695,1695,1695
615,3XL,Mix,Kurta,0.3,395,1695,1695,1695,1695,1695,1695,1695,1695,1695,1695
616,S,Mix,Kurta,0.3,395,1695,1695,1695,1695,1695,1695,1695,1695,1695,1695
617,M,Mix,Kurta,0.3,395,1695,1695,1695,1695,1695,1695,1695,1695,1695,1695
618,L,Mix,Kurta,0.3,395,1695,1695,1695,1695,1695,1695,1695,1695,1695,1695
619,XL,Mix,Kurta,0.3,395,1695,1695,1695,1695,1695,1695,1695,1695,1695,1695
620,2XL,Mix,Kurta,0.3,395,1695,1695,1695,1695,1695,1695,1695,1695,1695,1695
621,3XL,Mix,Kurta,0.3,395,1695,1695,1695,1695,1695,1695,1695,1695,1695,1695
622,S,Mix,Kurta,0.3,395,1695,1695,1695,1695,1695,1695,1695,1695,1695,1695
623,M,Mix,Kurta,0.3,395,1695,1695,1695,1695,1695,1695,1695,1695,1695,1695
624,L,Mix,Kurta,0.3,395,1695,1695,1695,1695,1695,1695,1695,1695,1695,1695
625,XL,Mix,Kurta,0.3,395,1695,1695,1695,1695,1695,1695,1695,1695,1695,1695
626,2XL,Mix,Kurta,0.3,395,1695,1695,1695,1695,1695,1695,1695,1695,1695,1695
627,3XL,Mix,Kurta,0.3,395,1695,1695,1695,1695,1695,1695,1695,1695,1695,1695
628,S,Mix,Kurta,0.3,395,1695,1695,1695,1695,1695,1695,1695,1695,1695,1695
629,M,Mix,Kurta,0.3,395,1695,1695,1695,1695,1695,1695,1695,1695,1695,1695
630,L,Mix,Kurta,0.3,395,1695,1695,1695,1695,1695,1695,1695,1695,1695,1695
631,XL,Mix,Kurta,0.3,395,1695,1695,1695,1695,1695,1695,1695,1695,1695,1695
632,2XL,Mix,Kurta,0.3,395,1695,1695,1695,1695,1695,1695,1695,1695,1695,1695
633,3XL,Mix,Kurta,0.3,395,1695,1695,1695,1695,1695,1695,1695,1695,1695,1695
634,S,Mix,Kurta,0.3,395,1695,1695,1695,1695,1695,1695,1695,1695,1695,1695
635,M,Mix,Kurta,0.3,395,1695,1695,1695,1695,1695,1695,1695,1695,1695,1695
636,L,Mix,Kurta,0.3,395,1695,1695,1695,1695,1695,1695,1695,1695,1695,1695
637,XL,Mix,Kurta,0.3,395,1695,1695,1695,1695,1695,1695,1695,1695,1695,1695
638,2XL,Mix,Kurta,0.3,395,1695,1695,1695,1695,1695,1695,1695,1695,1695,1695
639,3XL,Mix,Kurta,0.3,395,1695,1695,1695,1695,1695,1695,1695,1695,1695,1695
640,S,Mix,Kurta,0.3,425,1795,1795,1795,1795,1795,1795,1795,1795,1795,1695
641,M,Mix,Kurta,0.3,425,1795,1795,1795,1795,1795,1795,1795,1795,1795,1695
642,L,Mix,Kurta,0.3,425,1795,1795,1795,1795,1795,1795,1795,1795,1795,1695
643,XL,Mix,Kurta,0.3,425,1795,1795,1795,1795,1795,1795,1795,1795,1795,1695
644,2XL,Mix,Kurta,0.3,425,1795,1795,1795,1795,1795,1795,1795,1795,1795,1695
645,3XL,Mix,Kurta,0.3,425,1795,1795,1795,1795,1795,1795,1795,1795,1795,1695
646,S,Surmaya,Kurta Set,0.4,1040,2495,2495,2495,2495,2495,2495,2495,2495,2495,2495
647,M,Surmaya,Kurta Set,0.4,1040,2495,2495,2495,2495,2495,2495,2495,2495,2495,2495
648,L,Surmaya,Kurta Set,0.4,1040,2495,2495,2495,2495,2495,2495,2495,2495,2495,2495
649,XL,Surmaya,Kurta Set,0.4,1040,2495,2495,2495,2495,2495,2495,2495,2495,2495,2495
650,2XL,Surmaya,Kurta Set,0.4,1040,2495,2495,2495,2495,2495,2495,2495,2495,2495,2495
651,3XL,Surmaya,Kurta Set,0.4,1040,2495,2495,2495,2495,2495,2495,2495,2495,2495,2495
652,S,Surmaya,Kurta Set,0.4,1040,2495,2495,2495,2495,2495,2495,2495,2495,2495,2495
653,M,Surmaya,Kurta Set,0.4,1040,2495,2495,2495,2495,2495,2495,2495,2495,2495,2495
654,L,Surmaya,Kurta Set,0.4,1040,2495,2495,2495,2495,2495,2495,2495,2495,2495,2495
655,XL,Surmaya,Kurta Set,0.4,1040,2495,2495,2495,2495,2495,2495,2495,2495,2495,2495
656,2XL,Surmaya,Kurta Set,0.4,1040,2495,2495,2495,2495,2495,2495,2495,2495,2495,2495
657,3XL,Surmaya,Kurta Set,0.4,1040,2495,2495,2495,2495,2495,2495,2495,2495,2495,2495
658,S,Surmaya,Kurta Set,0.4,950,2495,2495,2495,2495,2495,2495,2495,2495,2495,2495
659,M,Surmaya,Kurta Set,0.4,950,2495,2495,2495,2495,2495,2495,2495,2495,2495,2495
660,L,Surmaya,Kurta Set,0.4,950,2495,2495,2495,2495,2495,2495,2495,2495,2495,2495
661,XL,Surmaya,Kurta Set,0.4,950,2495,2495,2495,2495,2495,2495,2495,2495,2495,2495
662,2XL,Surmaya,Kurta Set,0.4,950,2495,2495,2495,2495,2495,2495,2495,2495,2495,2495
663,3XL,Surmaya,Kurta Set,0.4,950,2495,2495,2495,2495,2495,2495,2495,2495,2495,2495
664,S,Surmaya,Kurta Set,0.4,940,2150,2150,2150,2150,2150,2150,2150,2150,2150,2150
665,M,Surmaya,Kurta Set,0.4,940,2150,2150,2150,2150,2150,2150,2150,2150,2150,2150
666,L,Surmaya,Kurta Set,0.4,940,2150,2150,2150,2150,2150,2150,2150,2150,2150,2150
667,XL,Surmaya,Kurta Set,0.4,940,2150,2150,2150,2150,2150,2150,2150,2150,2150,2150
668,2XL,Surmaya,Kurta Set,0.4,940,2150,2150,2150,2150,2150,2150,2150,2150,2150,2150
669,3XL,Surmaya,Kurta Set,0.4,940,2150,2150,2150,2150,2150,2150,2150,2150,2150,2150
670,S,Surmaya,Kurta Set,0.4,925,2250,2250,2250,2250,2250,2250,2250,2250,2250,2250
671,M,Surmaya,Kurta Set,0.4,925,2250,2250,2250,2250,2250,2250,2250,2250,2250,2250
672,L,Surmaya,Kurta Set,0.4,925,2250,2250,2250,2250,2250,2250,2250,2250,2250,2250
673,XL,Surmaya,Kurta Set,0.4,925,2250,2250,2250,2250,2250,2250,2250,2250,2250,2250
674,2XL,Surmaya,Kurta Set,0.4,925,2250,2250,2250,2250,2250,2250,2250,2250,2250,2250
675,3XL,Surmaya,Kurta Set,0.4,925,2250,2250,2250,2250,2250,2250,2250,2250,2250,2250
676,S,Surmaya,Kurta Set,0.4,900,1995,1995,1995,1995,1995,1995,1995,1995,1995,1995
677,M,Surmaya,Kurta Set,0.4,900,1995,1995,1995,1995,1995,1995,1995,1995,1995,1995
678,L,Surmaya,Kurta Set,0.4,900,1995,1995,1995,1995,1995,1995,1995,1995,1995,1995
679,XL,Surmaya,Kurta Set,0.4,900,1995,1995,1995,1995,1995,1995,1995,1995,1995,1995
680,2XL,Surmaya,Kurta Set,0.4,900,1995,1995,1995,1995,1995,1995,1995,1995,1995,1995
681,3XL,Surmaya,Kurta Set,0.4,900,1995,1995,1995,1995,1995,1995,1995,1995,1995,1995
682,S,Surmaya,Kurta Set,0.4,1150,2695,2695,2695,2695,2695,2695,2695,2695,2695,2695
683,M,Surmaya,Kurta Set,0.4,1150,2695,2695,2695,2695,2695,2695,2695,2695,2695,2695
684,L,Surmaya,Kurta Set,0.4,1150,2695,2695,2695,2695,2695,2695,2695,2695,2695,2695
685,XL,Surmaya,Kurta Set,0.4,1150,2695,2695,2695,2695,2695,2695,2695,2695,2695,2695
686,2XL,Surmaya,Kurta Set,0.4,1150,2695,2695,2695,2695,2695,2695,2695,2695,2695,2695
687,3XL,Surmaya,Kurta Set,0.4,1150,2695,2695,2695,2695,2695,2695,2695,2695,2695,2695
688,S,Surmaya,Kurta Set,0.4,1150,2695,2695,2695,2695,2695,2695,2695,2695,2695,2695
689,M,Surmaya,Kurta Set,0.4,1150,2695,2695,2695,2695,2695,2695,2695,2695,2695,2695
690,L,Surmaya,Kurta Set,0.4,1150,2695,2695,2695,2695,2695,2695,2695,2695,2695,2695
691,XL,Surmaya,Kurta Set,0.4,1150,2695,2695,2695,2695,2695,2695,2695,2695,2695,2695
692,2XL,Surmaya,Kurta Set,0.4,1150,2695,2695,2695,2695,2695,2695,2695,2695,2695,2695
693,3XL,Surmaya,Kurta Set,0.4,1150,2695,2695,2695,2695,2695,2695,2695,2695,2695,2695
694,S,Surmaya,Kurta Set,0.4,910,2150,2150,2150,2150,2150,2150,2150,2150,2150,2150
695,M,Surmaya,Kurta Set,0.4,910,2150,2150,2150,2150,2150,2150,2150,2150,2150,2150
696,L,Surmaya,Kurta Set,0.4,910,2150,2150,2150,2150,2150,2150,2150,2150,2150,2150
697,XL,Surmaya,Kurta Set,0.4,910,2150,2150,2150,2150,2150,2150,2150,2150,2150,2150
698,2XL,Surmaya,Kurta Set,0.4,910,2150,2150,2150,2150,2150,2150,2150,2150,2150,2150
699,3XL,Surmaya,Kurta Set,0.4,910,2150,2150,2150,2150,2150,2150,2150,2150,2150,2150
700,XS,Mix,Tops,0.2,361,1595,1595,1595,1595,1595,1595,1595,1595,1595,1595
701,S,Mix,Tops,0.2,361,1595,1595,1595,1595,1595,1595,1595,1595,1595,1595
702,M,Mix,Tops,0.2,361,1595,1595,1595,1595,1595,1595,1595,1595,1595,1595
703,L,Mix,Tops,0.2,361,1595,1595,1595,1595,1595,1595,1595,1595,1595,1595
704,XL,Mix,Tops,0.2,361,1595,1595,1595,1595,1595,1595,1595,1595,1595,1595
705,XS,Mix,Tops,0.2,375,1695,1695,1695,1695,1695,1695,1695,1695,1695,1695
706,S,Mix,Tops,0.2,375,1695,1695,1695,1695,1695,1695,1695,1695,1695,1695
707,M,Mix,Tops,0.2,375,1695,1695,1695,1695,1695,1695,1695,1695,1695,1695
708,L,Mix,Tops,0.2,375,1695,1695,1695,1695,1695,1695,1695,1695,1695,1695
709,XL,Mix,Tops,0.2,375,1695,1695,1695,1695,1695,1695,1695,1695,1695,1695
710,S,Mix,Kurta,0.3,435,1795,1795,1795,1795,1795,1795,1795,1795,1795,1795
711,M,Mix,Kurta,0.3,435,1795,1795,1795,1795,1795,1795,1795,1795,1795,1795
712,L,Mix,Kurta,0.3,435,1795,1795,1795,1795,1795,1795,1795,1795,1795,1795
713,XL,Mix,Kurta,0.3,435,1795,1795,1795,1795,1795,1795,1795,1795,1795,1795
714,2XL,Mix,Kurta,0.3,435,1795,1795,1795,1795,1795,1795,1795,1795,1795,1795
715,3XL,Mix,Kurta,0.3,435,1795,1795,1795,1795,1795,1795,1795,1795,1795,1795
716,XS,Mix,Tops,0.2,395,1695,1695,1695,1695,1695,1695,1695,1695,1695,1695
717,S,Mix,Tops,0.2,395,1695,1695,1695,1695,1695,1695,1695,1695,1695,1695
718,M,Mix,Tops,0.2,395,1695,1695,1695,1695,1695,1695,1695,1695,1695,1695
719,L,Mix,Tops,0.2,395,1695,1695,1695,1695,1695,1695,1695,1695,1695,1695
720,XL,Mix,Tops,0.2,395,1695,1695,1695,1695,1695,1695,1695,1695,1695,1695
721,XS,Mix,Tops,0.2,425,1795,1795,1795,1795,1795,1795,1795,1795,1795,1795
722,S,Mix,Tops,0.2,425,1795,1795,1795,1795,1795,1795,1795,1795,1795,1795
723,M,Mix,Tops,0.2,425,1795,1795,1795,1795,1795,1795,1795,1795,1795,1795
724,L,Mix,Tops,0.2,425,1795,1795,1795,1795,1795,1795,1795,1795,1795,1795
725,XL,Mix,Tops,0.2,425,1795,1795,1795,1795,1795,1795,1795,1795,1795,1795
726,XS,Mix,Tops,0.2,450,1895,1895,1895,1895,1895,1895,1895,1895,1895,1895
727,S,Mix,Tops,0.2,450,1895,1895,1895,1895,1895,1895,1895,1895,1895,1895
728,M,Mix,Tops,0.2,450,1895,1895,1895,1895,1895,1895,1895,1895,1895,1895
729,L,Mix,Tops,0.2,450,1895,1895,1895,1895,1895,1895,1895,1895,1895,1895
730,XL,Mix,Tops,0.2,450,1895,1895,1895,1895,1895,1895,1895,1895,1895,1895
731,XS,Mix,Tops,0.2,415,1795,1795,1795,1795,1795,1895,1795,1795,1795,1795
732,S,Mix,Tops,0.2,415,1795,1795,1795,1795,1795,1895,1795,1795,1795,1795
733,M,Mix,Tops,0.2,415,1795,1795,1795,1795,1795,1895,1795,1795,1795,1795
734,L,Mix,Tops,0.2,415,1795,1795,1795,1795,1795,1895,1795,1795,1795,1795
735,XL,Mix,Tops,0.2,415,1795,1795,1795,1795,1795,1895,1795,1795,1795,1795
736,S,Surmaya,Kurta Set,0.4,825,1895,1895,1895,1895,1895,1895,1895,1895,1895,1895
737,M,Surmaya,Kurta Set,0.4,825,1895,1895,1895,1895,1895,1895,1895,1895,1895,1895
738,L,Surmaya,Kurta Set,0.4,825,1895,1895,1895,1895,1895,1895,1895,1895,1895,1895
739,XL,Surmaya,Kurta Set,0.4,825,1895,1895,1895,1895,1895,1895,1895,1895,1895,1895
740,2XL,Surmaya,Kurta Set,0.4,825,1895,1895,1895,1895,1895,1895,1895,1895,1895,1895
741,3XL,Surmaya,Kurta Set,0.4,825,1895,1895,1895,1895,1895,1895,1895,1895,1895,1895
742,S,Surmaya,Kurta Set,0.4,950,2495,2495,2495,2495,2495,2495,2495,2495,2495,2495
743,M,Surmaya,Kurta Set,0.4,950,2495,2495,2495,2495,2495,2495,2495,2495,2495,2495
744,L,Surmaya,Kurta Set,0.4,950,2495,2495,2495,2495,2495,2495,2495,2495,2495,2495
745,XL,Surmaya,Kurta Set,0.4,950,2495,2495,2495,2495,2495,2495,2495,2495,2495,2495
746,2XL,Surmaya,Kurta Set,0.4,950,2495,2495,2495,2495,2495,2495,2495,2495,2495,2495
747,3XL,Surmaya,Kurta Set,0.4,950,2495,2495,2495,2495,2495,2495,2495,2495,2495,2495
748,S,Surmaya,Kurta Set,0.4,895,2195,2195,2195,2195,2195,2195,2195,2195,2195,2195
749,M,Surmaya,Kurta Set,0.4,895,2195,2195,2195,2195,2195,2195,2195,2195,2195,2195
750,L,Surmaya,Kurta Set,0.4,895,2195,2195,2195,2195,2195,2195,2195,2195,2195,2195
751,XL,Surmaya,Kurta Set,0.4,895,2195,2195,2195,2195,2195,2195,2195,2195,2195,2195
752,2XL,Surmaya,Kurta Set,0.4,895,2195,2195,2195,2195,2195,2195,2195,2195,2195,2195
753,3XL,Surmaya,Kurta Set,0.4,895,2195,2195,2195,2195,2195,2195,2195,2195,2195,2195
754,S,Surmaya,Kurta Set,0.4,875,2050,2050,2050,2050,2050,2050,2050,2050,2050,2050
755,M,Surmaya,Kurta Set,0.4,875,2050,2050,2050,2050,2050,2050,2050,2050,2050,2050
756,L,Surmaya,Kurta Set,0.4,875,2050,2050,2050,2050,2050,2050,2050,2050,2050,2050
757,XL,Surmaya,Kurta Set,0.4,875,2050,2050,2050,2050,2050,2050,2050,2050,2050,2050
758,2XL,Surmaya,Kurta Set,0.4,875,2050,2050,2050,2050,2050,2050,2050,2050,2050,2050
759,3XL,Surmaya,Kurta Set,0.4,875,2050,2050,2050,2050,2050,2050,2050,2050,2050,2050
760,S,Surmaya,Kurta Set,0.4,1050,2395,2395,2395,2395,2395,2395,2395,2395,2395,2395
761,M,Surmaya,Kurta Set,0.4,1050,2395,2395,2395,2395,2395,2395,2395,2395,2395,2395
762,L,Surmaya,Kurta Set,0.4,1050,2395,2395,2395,2395,2395,2395,2395,2395,2395,2395
763,XL,Surmaya,Kurta Set,0.4,1050,2395,2395,2395,2395,2395,2395,2395,2395,2395,2395
764,2XL,Surmaya,Kurta Set,0.4,1050,2395,2395,2395,2395,2395,2395,2395,2395,2395,2395
765,3XL,Surmaya,Kurta Set,0.4,1050,2395,2395,2395,2395,2395,2395,2395,2395,2395,2395
766,S,Surmaya,Kurta Set,0.4,510,1895,1895,1895,1895,1895,1895,1895,1895,1895,1895
767,M,Surmaya,Kurta Set,0.4,510,1895,1895,1895,1895,1895,1895,1895,1895,1895,1895
768,L,Surmaya,Kurta Set,0.4,510,1895,1895,1895,1895,1895,1895,1895,1895,1895,1895
769,XL,Surmaya,Kurta Set,0.4,510,1895,1895,1895,1895,1895,1895,1895,1895,1895,1895
770,2XL,Surmaya,Kurta Set,0.4,510,1895,1895,1895,1895,1895,1895,1895,1895,1895,1895
771,3XL,Surmaya,Kurta Set,0.4,510,1895,1895,1895,1895,1895,1895,1895,1895,1895,1895
772,S,Surmaya,Kurta Set,0.4,825,1895,1895,1895,1895,1895,1895,1895,1895,1895,1895
773,M,Surmaya,Kurta Set,0.4,825,1895,1895,1895,1895,1895,1895,1895,1895,1895,1895
774,L,Surmaya,Kurta Set,0.4,825,1895,1895,1895,1895,1895,1895,1895,1895,1895,1895
775,XL,Surmaya,Kurta Set,0.4,825,1895,1895,1895,1895,1895,1895,1895,1895,1895,1895
776,2XL,Surmaya,Kurta Set,0.4,825,1895,1895,1895,1895,1895,1895,1895,1895,1895,1895
777,3XL,Surmaya,Kurta Set,0.4,825,1895,1895,1895,1895,1895,1895,1895,1895,1895,1895
778,S,Surmaya,Kurta Set,0.4,845,1995,1995,1995,1995,1995,1995,1995,1995,1995,1995
779,M,Surmaya,Kurta Set,0.4,845,1995,1995,1995,1995,1995,1995,1995,1995,1995,1995
780,L,Surmaya,Kurta Set,0.4,845,1995,1995,1995,1995,1995,1995,1995,1995,1995,1995
781,XL,Surmaya,Kurta Set,0.4,845,1995,1995,1995,1995,1995,1995,1995,1995,1995,1995
782,2XL,Surmaya,Kurta Set,0.4,845,1995,1995,1995,1995,1995,1995,1995,1995,1995,1995
783,3XL,Surmaya,Kurta Set,0.4,845,1995,1995,1995,1995,1995,1995,1995,1995,1995,1995
784,S,Surmaya,Kurta Set,0.4,695,1895,1895,1895,1895,1895,1895,1895,1895,1895,1895
785,M,Surmaya,Kurta Set,0.4,695,1895,1895,1895,1895,1895,1895,1895,1895,1895,1895
786,L,Surmaya,Kurta Set,0.4,695,1895,1895,1895,1895,1895,1895,1895,1895,1895,1895
787,XL,Surmaya,Kurta Set,0.4,695,1895,1895,1895,1895,1895,1895,1895,1895,1895,1895
788,2XL,Surmaya,Kurta Set,0.4,695,1895,1895,1895,1895,1895,1895,1895,1895,1895,1895
789,3XL,Surmaya,Kurta Set,0.4,695,1895,1895,1895,1895,1895,1895,1895,1895,1895,1895
790,S,Surmaya,Kurta Set,0.4,1140,2595,2595,2595,2595,2595,2595,2595,2595,2595,2595
791,M,Surmaya,Kurta Set,0.4,1140,2595,2595,2595,2595,2595,2595,2595,2595,2595,2595
792,L,Surmaya,Kurta Set,0.4,1140,2595,2595,2595,2595,2595,2595,2595,2595,2595,2595
793,XL,Surmaya,Kurta Set,0.4,1140,2595,2595,2595,2595,2595,2595,2595,2595,2595,2595
794,2XL,Surmaya,Kurta Set,0.4,1140,2595,2595,2595,2595,2595,2595,2595,2595,2595,2595
795,3XL,Surmaya,Kurta Set,0.4,1140,2595,2595,2595,2595,2595,2595,2595,2595,2595,2595
796,S,Surmaya,Kurta Set,0.4,980,2295,2295,2295,2295,2295,2295,2295,2295,2295,2295
797,M,Surmaya,Kurta Set,0.4,980,2295,2295,2295,2295,2295,2295,2295,2295,2295,2295
798,L,Surmaya,Kurta Set,0.4,980,2295,2295,2295,2295,2295,2295,2295,2295,2295,2295
799,XL,Surmaya,Kurta Set,0.4,980,2295,2295,2295,2295,2295,2295,2295,2295,2295,2295
800,2XL,Surmaya,Kurta Set,0.4,980,2295,2295,2295,2295,2295,2295,2295,2295,2295,2295
801,3XL,Surmaya,Kurta Set,0.4,980,2295,2295,2295,2295,2295,2295,2295,2295,2295,2295
802,S,Surmaya,Kurta Set,0.4,950,2495,2495,2495,2495,2495,2495,2495,2495,2495,2495
803,M,Surmaya,Kurta Set,0.4,950,2495,2495,2495,2495,2495,2495,2495,2495,2495,2495
804,L,Surmaya,Kurta Set,0.4,950,2495,2495,2495,2495,2495,2495,2495,2495,2495,2495
805,XL,Surmaya,Kurta Set,0.4,950,2495,2495,2495,2495,2495,2495,2495,2495,2495,2495
806,2XL,Surmaya,Kurta Set,0.4,950,2495,2495,2495,2495,2495,2495,2495,2495,2495,2495
807,3XL,Surmaya,Kurta Set,0.4,950,2495,2495,2495,2495,2495,2495,2495,2495,2495,2495
808,S,Four Gems 2,Kurta Set,0.4,680,2795,2795,2995,2795,2795,2795,2795,2795,2795,2795
809,M,Four Gems 2,Kurta Set,0.4,680,2795,2795,2995,2795,2795,2795,2795,2795,2795,2795
810,L,Four Gems 2,Kurta Set,0.4,680,2795,2795,2995,2795,2795,2795,2795,2795,2795,2795
811,XL,Four Gems 2,Kurta Set,0.4,680,2795,2795,2995,2795,2795,2795,2795,2795,2795,2795
812,2XL,Four Gems 2,Kurta Set,0.4,680,2795,2795,2995,2795,2795,2795,2795,2795,2795,2795
813,3XL,Four Gems 2,Kurta Set,0.4,680,2795,2795,2995,2795,2795,2795,2795,2795,2795,2795
814,S,Four Gems 2,Kurta Set,0.4,680,2795,2795,2995,2795,2795,2795,2795,2795,2795,2795
815,M,Four Gems 2,Kurta Set,0.4,680,2795,2795,2995,2795,2795,2795,2795,2795,2795,2795
816,L,Four Gems 2,Kurta Set,0.4,680,2795,2795,2995,2795,2795,2795,2795,2795,2795,2795
817,XL,Four Gems 2,Kurta Set,0.4,680,2795,2795,2995,2795,2795,2795,2795,2795,2795,2795
818,2XL,Four Gems 2,Kurta Set,0.4,680,2795,2795,2995,2795,2795,2795,2795,2795,2795,2795
819,3XL,Four Gems 2,Kurta Set,0.4,680,2795,2795,2995,2795,2795,2795,2795,2795,2795,2795
820,S,Four Gems 2,Kurta Set,0.4,680,2795,2795,2995,2795,2795,2795,2795,2795,2795,2795
821,M,Four Gems 2,Kurta Set,0.4,680,2795,2795,2995,2795,2795,2795,2795,2795,2795,2795
822,L,Four Gems 2,Kurta Set,0.4,680,2795,2795,2995,2795,2795,2795,2795,2795,2795,2795
823,XL,Four Gems 2,Kurta Set,0.4,680,2795,2795,2995,2795,2795,2795,2795,2795,2795,2795
824,2XL,Four Gems 2,Kurta Set,0.4,680,2795,2795,2995,2795,2795,2795,2795,2795,2795,2795
825,3XL,Four Gems 2,Kurta Set,0.4,680,2795,2795,2995,2795,2795,2795,2795,2795,2795,2795
826,S,Four Gems 2,Kurta Set,0.4,680,2795,2795,2995,2795,2795,2795,2795,2795,2795,2795
827,M,Four Gems 2,Kurta Set,0.4,680,2795,2795,2995,2795,2795,2795,2795,2795,2795,2795
828,L,Four Gems 2,Kurta Set,0.4,680,2795,2795,2995,2795,2795,2795,2795,2795,2795,2795
829,XL,Four Gems 2,Kurta Set,0.4,680,2795,2795,2995,2795,2795,2795,2795,2795,2795,2795
830,2XL,Four Gems 2,Kurta Set,0.4,680,2795,2795,2995,2795,2795,2795,2795,2795,2795,2795
831,3XL,Four Gems 2,Kurta Set,0.4,680,2795,2795,2995,2795,2795,2795,2795,2795,2795,2795
832,S,Mix,Kurta,0.3,425,1995,1995,1995,1995,1995,1995,1995,1995,1995,1995
833,M,Mix,Kurta,0.3,425,1995,1995,1995,1995,1995,1995,1995,1995,1995,1995
834,L,Mix,Kurta,0.3,425,1995,1995,1995,1995,1995,1995,1995,1995,1995,1995
835,XL,Mix,Kurta,0.3,425,1995,1995,1995,1995,1995,1995,1995,1995,1995,1995
836,2XL,Mix,Kurta,0.3,425,1995,1995,1995,1995,1995,1995,1995,1995,1995,1995
837,3XL,Mix,Kurta,0.3,425,1995,1995,1995,1995,1995,1995,1995,1995,1995,1995
838,S,Mix,Kurta,0.3,425,1995,1995,1995,1895,1895,1995,1995,1995,1995,1995
839,M,Mix,Kurta,0.3,425,1995,1995,1995,1895,1895,1995,1995,1995,1995,1995
840,L,Mix,Kurta,0.3,425,1995,1995,1995,1895,1895,1995,1995,1995,1995,1995
841,XL,Mix,Kurta,0.3,425,1995,1995,1995,1895,1895,1995,1995,1995,1995,1995
842,2XL,Mix,Kurta,0.3,425,1995,1995,1995,1895,1895,1995,1995,1995,1995,1995
843,3XL,Mix,Kurta,0.3,425,1995,1995,1995,1895,1895,1995,1995,1995,1995,1995
844,S,Mix,Kurta,0.3,425,1995,1995,1995,1995,1995,1995,1995,1995,1995,1995
845,M,Mix,Kurta,0.3,425,1995,1995,1995,1995,1995,1995,1995,1995,1995,1995
846,L,Mix,Kurta,0.3,425,1995,1995,1995,1995,1995,1995,1995,1995,1995,1995
847,XL,Mix,Kurta,0.3,425,1995,1995,1995,1995,1995,1995,1995,1995,1995,1995
848,2XL,Mix,Kurta,0.3,425,1995,1995,1995,1995,1995,1995,1995,1995,1995,1995
849,3XL,Mix,Kurta,0.3,425,1995,1995,1995,1995,1995,1995,1995,1995,1995,1995
850,S,Mix,Kurta,0.3,220,1195,1195,1195,1195,1195,1195,1195,1195,1195,1195
851,M,Mix,Kurta,0.3,220,1195,1195,1195,1195,1195,1195,1195,1195,1195,1195
852,L,Mix,Kurta,0.3,220,1195,1195,1195,1195,1195,1195,1195,1195,1195,1195
853,XL,Mix,Kurta,0.3,220,1195,1195,1195,1195,1195,1195,1195,1195,1195,1195
854,2XL,Mix,Kurta,0.3,220,1195,1195,1195,1195,1195,1195,1195,1195,1195,1195
855,S,Surmaya,Kurta,0.3,525,1250,1250,1250,1250,1250,1250,1250,1250,1250,1250
856,M,Surmaya,Kurta,0.3,525,1250,1250,1250,1250,1250,1250,1250,1250,1250,1250
857,L,Surmaya,Kurta,0.3,525,1250,1250,1250,1250,1250,1250,1250,1250,1250,1250
858,XL,Surmaya,Kurta,0.3,525,1250,1250,1250,1250,1250,1250,1250,1250,1250,1250
859,2XL,Surmaya,Kurta,0.3,525,1250,1250,1250,1250,1250,1250,1250,1250,1250,1250
860,3XL,Surmaya,Kurta,0.3,525,1250,1250,1250,1250,1250,1250,1250,1250,1250,1250
861,S,Surmaya,Kurta Set,0.4,880,1895,1895,1895,1895,1895,1895,1895,1895,1895,1895
862,M,Surmaya,Kurta Set,0.4,880,1895,1895,1895,1895,1895,1895,1895,1895,1895,1895
863,L,Surmaya,Kurta Set,0.4,880,1895,1895,1895,1895,1895,1895,1895,1895,1895,1895
864,XL,Surmaya,Kurta Set,0.4,880,1895,1895,1895,1895,1895,1895,1895,1895,1895,1895
865,2XL,Surmaya,Kurta Set,0.4,880,1895,1895,1895,1895,1895,1895,1895,1895,1895,1895
866,3XL,Surmaya,Kurta Set,0.4,880,1895,1895,1895,1895,1895,1895,1895,1895,1895,1895
867,S,Mix,Kurta,0.3,425,1995,1995,1995,1695,1695,1995,1995,1995,1995,1995
868,M,Mix,Kurta,0.3,425,1995,1995,1995,1695,1695,1995,1995,1995,1995,1995
869,L,Mix,Kurta,0.3,425,1995,1995,1995,1695,1695,1995,1995,1995,1995,1995
870,XL,Mix,Kurta,0.3,425,1995,1995,1995,1695,1695,1995,1995,1995,1995,1995
871,2XL,Mix,Kurta,0.3,425,1995,1995,1995,1695,1695,1995,1995,1995,1995,1995
872,3XL,Mix,Kurta,0.3,425,1995,1995,1995,1695,1695,1995,1995,1995,1995,1995
873,S,Mix,Kurta,0.3,410,1895,1895,1895,1895,1895,1895,1895,1895,1895,1895
874,M,Mix,Kurta,0.3,410,1895,1895,1895,1895,1895,1895,1895,1895,1895,1895
875,L,Mix,Kurta,0.3,410,1895,1895,1895,1895,1895,1895,1895,1895,1895,1895
876,XL,Mix,Kurta,0.3,410,1895,1895,1895,1895,1895,1895,1895,1895,1895,1895
877,2XL,Mix,Kurta,0.3,410,1895,1895,1895,1895,1895,1895,1895,1895,1895,1895
878,3XL,Mix,Kurta,0.3,410,1895,1895,1895,1895,1895,1895,1895,1895,1895,1895
879,S,Mix,Kurta,0.3,410,1895,1895,1895,1895,1895,1895,1895,1895,1895,1895
880,M,Mix,Kurta,0.3,410,1895,1895,1895,1895,1895,1895,1895,1895,1895,1895
881,L,Mix,Kurta,0.3,410,1895,1895,1895,1895,1895,1895,1895,1895,1895,1895
882,XL,Mix,Kurta,0.3,410,1895,1895,1895,1895,1895,1895,1895,1895,1895,1895
883,2XL,Mix,Kurta,0.3,410,1895,1895,1895,1895,1895,1895,1895,1895,1895,1895
884,3XL,Mix,Kurta,0.3,410,1895,1895,1895,1895,1895,1895,1895,1895,1895,1895
885,S,Mix,Kurta,0.3,395,1895,1895,1895,1895,1895,1895,1895,1895,1895,1895
886,M,Mix,Kurta,0.3,395,1895,1895,1895,1895,1895,1895,1895,1895,1895,1895
887,L,Mix,Kurta,0.3,395,1895,1895,1895,1895,1895,1895,1895,1895,1895,1895
888,XL,Mix,Kurta,0.3,395,1895,1895,1895,1895,1895,1895,1895,1895,1895,1895
889,2XL,Mix,Kurta,0.3,395,1895,1895,1895,1895,1895,1895,1895,1895,1895,1895
890,3XL,Mix,Kurta,0.3,395,1895,1895,1895,1895,1895,1895,1895,1895,1895,1895
891,S,Mix,Kurta,0.3,395,1895,1895,1895,1895,1895,1895,1895,1895,1895,1895
892,M,Mix,Kurta,0.3,395,1895,1895,1895,1895,1895,1895,1895,1895,1895,1895
893,L,Mix,Kurta,0.3,395,1895,1895,1895,1895,1895,1895,1895,1895,1895,1895
894,XL,Mix,Kurta,0.3,395,1895,1895,1895,1895,1895,1895,1895,1895,1895,1895
895,2XL,Mix,Kurta,0.3,395,1895,1895,1895,1895,1895,1895,1895,1895,1895,1895
896,3XL,Mix,Kurta,0.3,395,1895,1895,1895,1895,1895,1895,1895,1895,1895,1895
897,S,Mix,Kurta,0.3,395,1895,1895,1895,1895,1895,1895,1895,1895,1895,1895
898,M,Mix,Kurta,0.3,395,1895,1895,1895,1895,1895,1895,1895,1895,1895,1895
899,L,Mix,Kurta,0.3,395,1895,1895,1895,1895,1895,1895,1895,1895,1895,1895
900,XL,Mix,Kurta,0.3,395,1895,1895,1895,1895,1895,1895,1895,1895,1895,1895
901,2XL,Mix,Kurta,0.3,395,1895,1895,1895,1895,1895,1895,1895,1895,1895,1895
902,3XL,Mix,Kurta,0.3,395,1895,1895,1895,1895,1895,1895,1895,1895,1895,1895
903,S,Mix,Kurta,0.3,385,1895,1895,1895,1895,1895,1895,1895,1895,1895,1895
904,M,Mix,Kurta,0.3,385,1895,1895,1895,1895,1895,1895,1895,1895,1895,1895
905,L,Mix,Kurta,0.3,385,1895,1895,1895,1895,1895,1895,1895,1895,1895,1895
906,XL,Mix,Kurta,0.3,385,1895,1895,1895,1895,1895,1895,1895,1895,1895,1895
907,2XL,Mix,Kurta,0.3,385,1895,1895,1895,1895,1895,1895,1895,1895,1895,1895
908,3XL,Mix,Kurta,0.3,385,1895,1895,1895,1895,1895,1895,1895,1895,1895,1895
909,S,Mix,Kurta,0.3,385,1895,1895,1895,1895,1895,1895,1895,1895,1895,1895
910,M,Mix,Kurta,0.3,385,1895,1895,1895,1895,1895,1895,1895,1895,1895,1895
911,L,Mix,Kurta,0.3,385,1895,1895,1895,1895,1895,1895,1895,1895,1895,1895
912,XL,Mix,Kurta,0.3,385,1895,1895,1895,1895,1895,1895,1895,1895,1895,1895
913,2XL,Mix,Kurta,0.3,385,1895,1895,1895,1895,1895,1895,1895,1895,1895,1895
914,3XL,Mix,Kurta,0.3,385,1895,1895,1895,1895,1895,1895,1895,1895,1895,1895
915,S,Mix,Kurta,0.3,220,1395,1395,1395,1395,1395,1395,1395,1395,1395,1395
916,M,Mix,Kurta,0.3,220,1395,1395,1395,1395,1395,1395,1395,1395,1395,1395
917,L,Mix,Kurta,0.3,220,1395,1395,1395,1395,1395,1395,1395,1395,1395,1395
918,XL,Mix,Kurta,0.3,220,1395,1395,1395,1395,1395,1395,1395,1395,1395,1395
919,2XL,Mix,Kurta,0.3,220,1395,1395,1395,1395,1395,1395,1395,1395,1395,1395
920,3XL,Mix,Kurta,0.3,220,1395,1395,1395,1395,1395,1395,1395,1395,1395,1395
921,S,Mix,Kurta,0.3,500,2095,2095,2095,2095,2095,2095,2095,2095,2095,2095
922,M,Mix,Kurta,0.3,500,2095,2095,2095,2095,2095,2095,2095,2095,2095,2095
923,L,Mix,Kurta,0.3,500,2095,2095,2095,2095,2095,2095,2095,2095,2095,2095
924,XL,Mix,Kurta,0.3,500,2095,2095,2095,2095,2095,2095,2095,2095,2095,2095
925,2XL,Mix,Kurta,0.3,500,2095,2095,2095,2095,2095,2095,2095,2095,2095,2095
926,3XL,Mix,Kurta,0.3,500,2095,2095,2095,2095,2095,2095,2095,2095,2095,2095
927,S,Surmaya,Kurta Set,0.4,1035,2295,2295,2295,2295,2295,2295,2295,2295,2295,2295
928,M,Surmaya,Kurta Set,0.4,1035,2295,2295,2295,2295,2295,2295,2295,2295,2295,2295
929,L,Surmaya,Kurta Set,0.4,1035,2295,2295,2295,2295,2295,2295,2295,2295,2295,2295
930,XL,Surmaya,Kurta Set,0.4,1035,2295,2295,2295,2295,2295,2295,2295,2295,2295,2295
931,2XL,Surmaya,Kurta Set,0.4,1035,2295,2295,2295,2295,2295,2295,2295,2295,2295,2295
932,3XL,Surmaya,Kurta Set,0.4,1035,2295,2295,2295,2295,2295,2295,2295,2295,2295,2295
933,S,Surmaya,Kurta Set,0.4,975,2150,2150,2150,2150,2150,2150,2150,2150,2150,2150
934,M,Surmaya,Kurta Set,0.4,975,2150,2150,2150,2150,2150,2150,2150,2150,2150,2150
935,L,Surmaya,Kurta Set,0.4,975,2150,2150,2150,2150,2150,2150,2150,2150,2150,2150
936,XL,Surmaya,Kurta Set,0.4,975,2150,2150,2150,2150,2150,2150,2150,2150,2150,2150
937,2XL,Surmaya,Kurta Set,0.4,975,2150,2150,2150,2150,2150,2150,2150,2150,2150,2150
938,3XL,Surmaya,Kurta Set,0.4,975,2150,2150,2150,2150,2150,2150,2150,2150,2150,2150
939,S,Surmaya,Kurta Set,0.4,1150,2695,2695,2695,2695,2695,2695,2695,2695,2695,2695
940,M,Surmaya,Kurta Set,0.4,1150,2695,2695,2695,2695,2695,2695,2695,2695,2695,2695
941,L,Surmaya,Kurta Set,0.4,1150,2695,2695,2695,2695,2695,2695,2695,2695,2695,2695
942,XL,Surmaya,Kurta Set,0.4,1150,2695,2695,2695,2695,2695,2695,2695,2695,2695,2695
943,2XL,Surmaya,Kurta Set,0.4,1150,2695,2695,2695,2695,2695,2695,2695,2695,2695,2695
944,3XL,Surmaya,Kurta Set,0.4,1150,2695,2695,2695,2695,2695,2695,2695,2695,2695,2695
945,S,Surmaya,Kurta Set,0.4,930,2195,2195,2195,2195,2195,2195,2195,2195,2195,2195
946,M,Surmaya,Kurta Set,0.4,930,2195,2195,2195,2195,2195,2195,2195,2195,2195,2195
947,L,Surmaya,Kurta Set,0.4,930,2195,2195,2195,2195,2195,2195,2195,2195,2195,2195
948,XL,Surmaya,Kurta Set,0.4,930,2195,2195,2195,2195,2195,2195,2195,2195,2195,2195
949,2XL,Surmaya,Kurta Set,0.4,930,2195,2195,2195,2195,2195,2195,2195,2195,2195,2195
950,3XL,Surmaya,Kurta Set,0.4,930,2195,2195,2195,2195,2195,2195,2195,2195,2195,2195
951,S,Surmaya,Kurta Set,0.4,780,1795,1795,1795,1795,1795,1795,1795,1795,1795,1795
952,M,Surmaya,Kurta Set,0.4,780,1795,1795,1795,1795,1795,1795,1795,1795,1795,1795
953,L,Surmaya,Kurta Set,0.4,780,1795,1795,1795,1795,1795,1795,1795,1795,1795,1795
954,XL,Surmaya,Kurta Set,0.4,780,1795,1795,1795,1795,1795,1795,1795,1795,1795,1795
955,2XL,Surmaya,Kurta Set,0.4,780,1795,1795,1795,1795,1795,1795,1795,1795,1795,1795
956,3XL,Surmaya,Kurta Set,0.4,780,1795,1795,1795,1795,1795,1795,1795,1795,1795,1795
957,XS,Mix,Tops,0.2,340,1695,1695,1695,1695,1695,1695,1695,1695,1695,1695
958,S,Mix,Tops,0.2,340,1695,1695,1695,1695,1695,1695,1695,1695,1695,1695
959,M,Mix,Tops,0.2,340,1695,1695,1695,1695,1695,1695,1695,1695,1695,1695
960,L,Mix,Tops,0.2,340,1695,1695,1695,1695,1695,1695,1695,1695,1695,1695
961,XL,Mix,Tops,0.2,340,1695,1695,1695,1695,1695,1695,1695,1695,1695,1695
962,XS,Mix,Tops,0.2,425,1795,1795,1995,1995,1995,1795,1795,1795,1795,1795
963,S,Mix,Tops,0.2,425,1795,1795,1995,1995,1995,1795,1795,1795,1795,1795
964,M,Mix,Tops,0.2,425,1795,1795,1995,1995,1995,1795,1795,1795,1795,1795
965,L,Mix,Tops,0.2,425,1795,1795,1995,1995,1995,1795,1795,1795,1795,1795
966,XL,Mix,Tops,0.2,425,1795,1795,1995,1995,1995,1795,1795,1795,1795,1795
967,S,Mix,Kurta,0.3,440,1795,1795,1795,2195,2195,2295,1795,1795,1795,1795
968,M,Mix,Kurta,0.3,440,1795,1795,1795,2195,2195,2295,1795,1795,1795,1795
969,L,Mix,Kurta,0.3,440,1795,1795,1795,2195,2195,2295,1795,1795,1795,1795
970,XL,Mix,Kurta,0.3,440,1795,1795,1795,2195,2195,2295,1795,1795,1795,1795
971,2XL,Mix,Kurta,0.3,440,1795,1795,1795,2195,2195,2295,1795,1795,1795,1795
972,3XL,Mix,Kurta,0.3,440,1795,1795,1795,2195,2195,2295,1795,1795,1795,1795
973,S,Mix,Kurta,0.3,540,2395,2395,2395,2695,2695,2695,2395,2395,2395,2395
974,M,Mix,Kurta,0.3,540,2395,2395,2395,2695,2695,2695,2395,2395,2395,2395
975,L,Mix,Kurta,0.3,540,2395,2395,2395,2695,2695,2695,2395,2395,2395,2395
976,XL,Mix,Kurta,0.3,540,2395,2395,2395,2695,2695,2695,2395,2395,2395,2395
977,2XL,Mix,Kurta,0.3,540,2395,2395,2395,2695,2695,2695,2395,2395,2395,2395
978,3XL,Mix,Kurta,0.3,540,2395,2395,2395,2695,2695,2695,2395,2395,2395,2395
979,S,Mix,Kurta,0.3,550,2495,2495,2495,2795,2795,2795,2495,2495,2495,2495
980,M,Mix,Kurta,0.3,550,2495,2495,2495,2795,2795,2795,2495,2495,2495,2495
981,L,Mix,Kurta,0.3,550,2495,2495,2495,2795,2795,2795,2495,2495,2495,2495
982,XL,Mix,Kurta,0.3,550,2495,2495,2495,2795,2795,2795,2495,2495,2495,2495
983,2XL,Mix,Kurta,0.3,550,2495,2495,2495,2795,2795,2795,2495,2495,2495,2495
984,3XL,Mix,Kurta,0.3,550,2495,2495,2495,2795,2795,2795,2495,2495,2495,2495
985,XS,Mix,Tops,0.2,314,1595,1595,1595,1595,1595,1595,1595,1597,1595,1595
986,S,Mix,Tops,0.2,314,1595,1595,1595,1595,1595,1595,1595,1597,1595,1595
987,M,Mix,Tops,0.2,314,1595,1595,1595,1595,1595,1595,1595,1597,1595,1595
988,L,Mix,Tops,0.2,314,1595,1595,1595,1595,1595,1595,1595,1597,1595,1595
989,XL,Mix,Tops,0.2,314,1595,1595,1595,1595,1595,1595,1595,1597,1595,1595
990,S,Mix,Kurta,0.3,425,1995,1995,1995,1995,1995,1995,1995,1995,1995,1995
991,M,Mix,Kurta,0.3,425,1995,1995,1995,1995,1995,1995,1995,1995,1995,1995
992,L,Mix,Kurta,0.3,425,1995,1995,1995,1995,1995,1995,1995,1995,1995,1995
993,XL,Mix,Kurta,0.3,425,1995,1995,1995,1995,1995,1995,1995,1995,1995,1995
994,2XL,Mix,Kurta,0.3,425,1995,1995,1995,1995,1995,1995,1995,1995,1995,1995
995,3XL,Mix,Kurta,0.3,425,1995,1995,1995,1995,1995,1995,1995,1995,1995,1995
996,S,Mix,Kurta,0.3,395,1895,1895,1895,1895,1895,1895,1895,1895,1895,1895
997,M,Mix,Kurta,0.3,395,1895,1895,1895,1895,1895,1895,1895,1895,1895,1895
998,L,Mix,Kurta,0.3,395,1895,1895,1895,1895,1895,1895,1895,1895,1895,1895
999,XL,Mix,Kurta,0.3,395,1895,1895,1895,1895,1895,1895,1895,1895,1895,1895
1000,2XL,Mix,Kurta,0.3,395,1895,1895,1895,1895,1895,1895,1895,1895,1895,1895
1001,3XL,Mix,Kurta,0.3,395,1895,1895,1895,1895,1895,1895,1895,1895,1895,1895
1002,S,Mix,Kurta,0.3,450,2095,2095,2095,2095,2095,2095,2095,2095,2095,2095
1003,M,Mix,Kurta,0.3,450,2095,2095,2095,2095,2095,2095,2095,2095,2095,2095
1004,L,Mix,Kurta,0.3,450,2095,2095,2095,2095,2095,2095,2095,2095,2095,2095
1005,XL,Mix,Kurta,0.3,450,2095,2095,2095,2095,2095,2095,2095,2095,2095,2095
1006,2XL,Mix,Kurta,0.3,450,2095,2095,2095,2095,2095,2095,2095,2095,2095,2095
1007,3XL,Mix,Kurta,0.3,450,2095,2095,2095,2095,2095,2095,2095,2095,2095,2095
1008,S,Mix,Kurta,0.3,425,1995,1995,1995,1995,1995,1995,1995,1995,1995,1995
1009,M,Mix,Kurta,0.3,425,1995,1995,1995,1995,1995,1995,1995,1995,1995,1995
1010,L,Mix,Kurta,0.3,425,1995,1995,1995,1995,1995,1995,1995,1995,1995,1995
1011,XL,Mix,Kurta,0.3,425,1995,1995,1995,1995,1995,1995,1995,1995,1995,1995
1012,2XL,Mix,Kurta,0.3,425,1995,1995,1995,1995,1995,1995,1995,1995,1995,1995
1013,3XL,Mix,Kurta,0.3,425,1995,1995,1995,1995,1995,1995,1995,1995,1995,1995
1014,S,Mix,Kurta Set,0.4,790,3495,3495,3495,3495,3495,3495,3495,3495,3495,3495
1015,M,Mix,Kurta Set,0.4,790,3495,3495,3495,3495,3495,3495,3495,3495,3495,3495
1016,L,Mix,Kurta Set,0.4,790,3495,3495,3495,3495,3495,3495,3495,3495,3495,3495
1017,XL,Mix,Kurta Set,0.4,790,3495,3495,3495,3495,3495,3495,3495,3495,3495,3495
1018,2XL,Mix,Kurta Set,0.4,790,3495,3495,3495,3495,3495,3495,3495,3495,3495,3495
1019,3XL,Mix,Kurta Set,0.4,790,3495,3495,3495,3495,3495,3495,3495,3495,3495,3495
1020,S,Mix,Kurta Set,0.4,790,3495,3495,3495,3495,3495,3495,3495,3495,3495,3495
1021,M,Mix,Kurta Set,0.4,790,3495,3495,3495,3495,3495,3495,3495,3495,3495,3495
1022,L,Mix,Kurta Set,0.4,790,3495,3495,3495,3495,3495,3495,3495,3495,3495,3495
1023,XL,Mix,Kurta Set,0.4,790,3495,3495,3495,3495,3495,3495,3495,3495,3495,3495
1024,2XL,Mix,Kurta Set,0.4,790,3495,3495,3495,3495,3495,3495,3495,3495,3495,3495
1025,3XL,Mix,Kurta Set,0.4,790,3495,3495,3495,3495,3495,3495,3495,3495,3495,3495
1026,S,Mix,Gown,0.4,695,3195,3195,3195,3195,3195,3195,3195,3195,3195,3195
1027,M,Mix,Gown,0.4,695,3195,3195,3195,3195,3195,3195,3195,3195,3195,3195
1028,L,Mix,Gown,0.4,695,3195,3195,3195,3195,3195,3195,3195,3195,3195,3195
1029,XL,Mix,Gown,0.4,695,3195,3195,3195,3195,3195,3195,3195,3195,3195,3195
1030,2XL,Mix,Gown,0.4,695,3195,3195,3195,3195,3195,3195,3195,3195,3195,3195
1031,3XL,Mix,Gown,0.4,695,3195,3195,3195,3195,3195,3195,3195,3195,3195,3195
1032,S,Surmaya,Kurta Set,0.4,1295,5395,5395,5395,5395,5395,5395,5395,5395,5395,5395
1033,M,Surmaya,Kurta Set,0.4,1295,5395,5395,5395,5395,5395,5395,5395,5395,5395,5395
1034,L,Surmaya,Kurta Set,0.4,1295,5395,5395,5395,5395,5395,5395,5395,5395,5395,5395
1035,XL,Surmaya,Kurta Set,0.4,1295,5395,5395,5395,5395,5395,5395,5395,5395,5395,5395
1036,2XL,Surmaya,Kurta Set,0.4,1295,5395,5395,5395,5395,5395,5395,5395,5395,5395,5395
1037,3XL,Surmaya,Kurta Set,0.4,1295,5395,5395,5395,5395,5395,5395,5395,5395,5395,5395
1038,S,Surmaya,Kurta Set,0.4,1150,4895,4895,4895,4895,4895,4895,4895,4895,4895,4895
1039,M,Surmaya,Kurta Set,0.4,1150,4895,4895,4895,4895,4895,4895,4895,4895,4895,4895
1040,L,Surmaya,Kurta Set,0.4,1150,4895,4895,4895,4895,4895,4895,4895,4895,4895,4895
1041,XL,Surmaya,Kurta Set,0.4,1150,4895,4895,4895,4895,4895,4895,4895,4895,4895,4895
1042,2XL,Surmaya,Kurta Set,0.4,1150,4895,4895,4895,4895,4895,4895,4895,4895,4895,4895
1043,3XL,Surmaya,Kurta Set,0.4,1150,4895,4895,4895,4895,4895,4895,4895,4895,4895,4895
1044,S,Surmaya,Gown,0.4,995,4295,4295,4295,4295,4295,4295,4295,4295,4295,4295
1045,M,Surmaya,Gown,0.4,995,4295,4295,4295,4295,4295,4295,4295,4295,4295,4295
1046,L,Surmaya,Gown,0.4,995,4295,4295,4295,4295,4295,4295,4295,4295,4295,4295
1047,XL,Surmaya,Gown,0.4,995,4295,4295,4295,4295,4295,4295,4295,4295,4295,4295
1048,2XL,Surmaya,Gown,0.4,995,4295,4295,4295,4295,4295,4295,4295,4295,4295,4295
1049,3XL,Surmaya,Gown,0.4,995,4295,4295,4295,4295,4295,4295,4295,4295,4295,4295
1050,S,Surmaya,Kurta Set,0.4,1150,4895,4895,4895,4895,4895,4895,4895,4895,4895,4895
1051,M,Surmaya,Kurta Set,0.4,1150,4895,4895,4895,4895,4895,4895,4895,4895,4895,4895
1052,L,Surmaya,Kurta Set,0.4,1150,4895,4895,4895,4895,4895,4895,4895,4895,4895,4895
1053,XL,Surmaya,Kurta Set,0.4,1150,4895,4895,4895,4895,4895,4895,4895,4895,4895,4895
1054,2XL,Surmaya,Kurta Set,0.4,1150,4895,4895,4895,4895,4895,4895,4895,4895,4895,4895
1055,3XL,Surmaya,Kurta Set,0.4,1150,4895,4895,4895,4895,4895,4895,4895,4895,4895,4895
1056,S,Mix,Kurta Set,0.4,695,3495,3495,3495,3495,3495,3495,3495,3195,3495,3495
1057,M,Mix,Kurta Set,0.4,695,3495,3495,3495,3495,3495,3495,3495,3195,3495,3495
1058,L,Mix,Kurta Set,0.4,695,3495,3495,3495,3495,3495,3495,3495,3195,3495,3495
1059,XL,Mix,Kurta Set,0.4,695,3495,3495,3495,3495,3495,3495,3495,3195,3495,3495
1060,2XL,Mix,Kurta Set,0.4,695,3495,3495,3495,3495,3495,3495,3495,3195,3495,3495
1061,3XL,Mix,Kurta Set,0.4,695,3495,3495,3495,3495,3495,3495,3495,3195,3495,3495
1062,S,Mix,Kurta,0.3,425,2195,2195,2195,2195,2195,2195,2195,2195,2195,2195
1063,M,Mix,Kurta,0.3,425,2195,2195,2195,2195,2195,2195,2195,2195,2195,2195
1064,L,Mix,Kurta,0.3,425,2195,2195,2195,2195,2195,2195,2195,2195,2195,2195
1065,XL,Mix,Kurta,0.3,425,2195,2195,2195,2195,2195,2195,2195,2195,2195,2195
1066,2XL,Mix,Kurta,0.3,425,2195,2195,2195,2195,2195,2195,2195,2195,2195,2195
1067,3XL,Mix,Kurta,0.3,425,2195,2195,2195,2195,2195,2195,2195,2195,2195,2195
1068,S,Mix,Kurta Set,0.4,650,3295,3295,3295,3295,3295,3295,3295,2995,3295,3295
1069,M,Mix,Kurta Set,0.4,650,3295,3295,3295,3295,3295,3295,3295,2995,3295,3295
1070,L,Mix,Kurta Set,0.4,650,3295,3295,3295,3295,3295,3295,3295,2995,3295,3295
1071,XL,Mix,Kurta Set,0.4,650,3295,3295,3295,3295,3295,3295,3295,2995,3295,3295
1072,2XL,Mix,Kurta Set,0.4,650,3295,3295,3295,3295,3295,3295,3295,2995,3295,3295
1073,3XL,Mix,Kurta Set,0.4,650,3295,3295,3295,3295,3295,3295,3295,2995,3295,3295
1074,S,Mix,Kurta,0.3,460,2397,2397,2397,2397,2397,2397,2397,2397,2397,2397
1075,M,Mix,Kurta,0.3,460,2397,2397,2397,2397,2397,2397,2397,2397,2397,2397
1076,L,Mix,Kurta,0.3,460,2397,2397,2397,2397,2397,2397,2397,2397,2397,2397
1077,XL,Mix,Kurta,0.3,460,2397,2397,2397,2397,2397,2397,2397,2397,2397,2397
1078,2XL,Mix,Kurta,0.3,460,2397,2397,2397,2397,2397,2397,2397,2397,2397,2397
1079,3XL,Mix,Kurta,0.3,460,2397,2397,2397,2397,2397,2397,2397,2397,2397,2397
1080,S,Mix,Kurta Set,0.4,675,3397,3397,3397,3397,3397,3397,3397,3095,3397,3397
1081,M,Mix,Kurta Set,0.4,675,3397,3397,3397,3397,3397,3397,3397,3095,3397,3397
1082,L,Mix,Kurta Set,0.4,675,3397,3397,3397,3397,3397,3397,3397,3095,3397,3397
1083,XL,Mix,Kurta Set,0.4,675,3397,3397,3397,3397,3397,3397,3397,3095,3397,3397
1084,2XL,Mix,Kurta Set,0.4,675,3397,3397,3397,3397,3397,3397,3397,3095,3397,3397
1085,3XL,Mix,Kurta Set,0.4,675,3397,3397,3397,3397,3397,3397,3397,3095,3397,3397
1086,S,Mix,Kurta,0.3,440,2295,2295,2295,2295,2295,2295,2295,2295,2295,2295
1087,M,Mix,Kurta,0.3,440,2295,2295,2295,2295,2295,2295,2295,2295,2295,2295
1088,L,Mix,Kurta,0.3,440,2295,2295,2295,2295,2295,2295,2295,2295,2295,2295
1089,XL,Mix,Kurta,0.3,440,2295,2295,2295,2295,2295,2295,2295,2295,2295,2295
1090,2XL,Mix,Kurta,0.3,440,2295,2295,2295,2295,2295,2295,2295,2295,2295,2295
1091,3XL,Mix,Kurta,0.3,440,2295,2295,2295,2295,2295,2295,2295,2295,2295,2295
1092,S,Mix,Kurta Set,0.4,695,3495,3495,3495,3495,3495,3495,3495,3195,3495,3495
1093,M,Mix,Kurta Set,0.4,695,3495,3495,3495,3495,3495,3495,3495,3195,3495,3495
1094,L,Mix,Kurta Set,0.4,695,3495,3495,3495,3495,3495,3495,3495,3195,3495,3495
1095,XL,Mix,Kurta Set,0.4,695,3495,3495,3495,3495,3495,3495,3495,3195,3495,3495
1096,2XL,Mix,Kurta Set,0.4,695,3495,3495,3495,3495,3495,3495,3495,3195,3495,3495
1097,3XL,Mix,Kurta Set,0.4,695,3495,3495,3495,3495,3495,3495,3495,3195,3495,3495
1098,S,Mix,Kurta,0.3,490,2495,2495,2495,2495,2495,2495,2495,2495,2495,2495
1099,M,Mix,Kurta,0.3,490,2495,2495,2495,2495,2495,2495,2495,2495,2495,2495
1100,L,Mix,Kurta,0.3,490,2495,2495,2495,2495,2495,2495,2495,2495,2495,2495
1101,XL,Mix,Kurta,0.3,490,2495,2495,2495,2495,2495,2495,2495,2495,2495,2495
1102,2XL,Mix,Kurta,0.3,490,2495,2495,2495,2495,2495,2495,2495,2495,2495,2495
1103,3XL,Mix,Kurta,0.3,490,2495,2495,2495,2495,2495,2495,2495,2495,2495,2495
1116,S,Mix,Kurta,0.3,415,2097,2097,2097,2097,2097,2097,2097,2097,2097,2097
1117,M,Mix,Kurta,0.3,415,2097,2097,2097,2097,2097,2097,2097,2097,2097,2097
1118,L,Mix,Kurta,0.3,415,2097,2097,2097,2097,2097,2097,2097,2097,2097,2097
1119,XL,Mix,Kurta,0.3,415,2097,2097,2097,2097,2097,2097,2097,2097,2097,2097
1120,2XL,Mix,Kurta,0.3,415,2097,2097,2097,2097,2097,2097,2097,2097,2097,2097
1121,3XL,Mix,Kurta,0.3,415,2097,2097,2097,2097,2097,2097,2097,2097,2097,2097
1122,S,Mix,Kurta Set,0.4,650,3297,3297,3297,3297,3297,3297,3297,3297,3297,3297
1123,M,Mix,Kurta Set,0.4,650,3297,3297,3297,3297,3297,3297,3297,3297,3297,3297
1124,L,Mix,Kurta Set,0.4,650,3297,3297,3297,3297,3297,3297,3297,3297,3297,3297
1125,XL,Mix,Kurta Set,0.4,650,3297,3297,3297,3297,3297,3297,3297,3297,3297,3297
1126,2XL,Mix,Kurta Set,0.4,650,3297,3297,3297,3297,3297,3297,3297,3297,3297,3297
1127,3XL,Mix,Kurta Set,0.4,650,3297,3297,3297,3297,3297,3297,3297,3297,3297,3297
1128,S,Mix,Kurta,0.3,425,2195,2195,2195,2195,2195,2195,2195,2195,2195,2195
1129,M,Mix,Kurta,0.3,425,2195,2195,2195,2195,2195,2195,2195,2195,2195,2195
1130,L,Mix,Kurta,0.3,425,2195,2195,2195,2195,2195,2195,2195,2195,2195,2195
1131,XL,Mix,Kurta,0.3,425,2195,2195,2195,2195,2195,2195,2195,2195,2195,2195
1132,2XL,Mix,Kurta,0.3,425,2195,2195,2195,2195,2195,2195,2195,2195,2195,2195
1133,3XL,Mix,Kurta,0.3,425,2195,2195,2195,2195,2195,2195,2195,2195,2195,2195
1134,S,Mix,Kurta Set,0.4,625,3197,3197,3197,3197,3197,3197,3197,2995,3197,3197
1135,M,Mix,Kurta Set,0.4,625,3197,3197,3197,3197,3197,3197,3197,2995,3197,3197
1136,L,Mix,Kurta Set,0.4,625,3197,3197,3197,3197,3197,3197,3197,2995,3197,3197
1137,XL,Mix,Kurta Set,0.4,625,3197,3197,3197,3197,3197,3197,3197,2995,3197,3197
1138,2XL,Mix,Kurta Set,0.4,625,3197,3197,3197,3197,3197,3197,3197,2995,3197,3197
1139,3XL,Mix,Kurta Set,0.4,625,3197,3197,3197,3197,3197,3197,3197,2995,3197,3197
1146,S,Mix,Kurta,0.3,425,2197,2197,2197,2197,2197,2197,2197,2197,2197,2197
1147,M,Mix,Kurta,0.3,425,2197,2197,2197,2197,2197,2197,2197,2197,2197,2197
1148,L,Mix,Kurta,0.3,425,2197,2197,2197,2197,2197,2197,2197,2197,2197,2197
1149,XL,Mix,Kurta,0.3,425,2197,2197,2197,2197,2197,2197,2197,2197,2197,2197
1150,2XL,Mix,Kurta,0.3,425,2197,2197,2197,2197,2197,2197,2197,2197,2197,2197
1151,3XL,Mix,Kurta,0.3,425,2197,2197,2197,2197,2197,2197,2197,2197,2197,2197
1152,S,Mix,Kurta Set,0.4,595,2975,2975,2975,2997,2997,2975,2975,2895,2975,2975
1153,M,Mix,Kurta Set,0.4,595,2975,2975,2975,2997,2997,2975,2975,2895,2975,2975
1154,L,Mix,Kurta Set,0.4,595,2975,2975,2975,2997,2997,2975,2975,2895,2975,2975
1155,XL,Mix,Kurta Set,0.4,595,2975,2975,2975,2997,2997,2975,2975,2895,2975,2975
1156,2XL,Mix,Kurta Set,0.4,595,2975,2975,2975,2997,2997,2975,2975,2895,2975,2975
1157,3XL,Mix,Kurta Set,0.4,595,2975,2975,2975,2997,2997,2975,2975,2895,2975,2975
1158,S,Mix,Kurta,0.3,410,2095,2095,2095,2095,2095,2095,2095,2095,2095,2095
1159,M,Mix,Kurta,0.3,410,2095,2095,2095,2095,2095,2095,2095,2095,2095,2095
1160,L,Mix,Kurta,0.3,410,2095,2095,2095,2095,2095,2095,2095,2095,2095,2095
1161,XL,Mix,Kurta,0.3,410,2095,2095,2095,2095,2095,2095,2095,2095,2095,2095
1162,2XL,Mix,Kurta,0.3,410,2095,2095,2095,2095,2095,2095,2095,2095,2095,2095
1163,3XL,Mix,Kurta,0.3,410,2095,2095,2095,2095,2095,2095,2095,2095,2095,2095
1164,S,Mix,Kurta Set,0.4,650,3297,3297,3297,3297,3297,3297,3297,3297,3297,3297
1165,M,Mix,Kurta Set,0.4,650,3297,3297,3297,3297,3297,3297,3297,3297,3297,3297
1166,L,Mix,Kurta Set,0.4,650,3297,3297,3297,3297,3297,3297,3297,3297,3297,3297
1167,XL,Mix,Kurta Set,0.4,650,3297,3297,3297,3297,3297,3297,3297,3297,3297,3297
1168,2XL,Mix,Kurta Set,0.4,650,3297,3297,3297,3297,3297,3297,3297,3297,3297,3297
1169,3XL,Mix,Kurta Set,0.4,650,3297,3297,3297,3297,3297,3297,3297,3297,3297,3297
1170,S,Mix,Kurta,0.3,425,2195,2195,2195,2195,2195,2195,2195,2195,2195,2195
1171,M,Mix,Kurta,0.3,425,2195,2195,2195,2195,2195,2195,2195,2195,2195,2195
1172,L,Mix,Kurta,0.3,425,2195,2195,2195,2195,2195,2195,2195,2195,2195,2195
1173,XL,Mix,Kurta,0.3,425,2195,2195,2195,2195,2195,2195,2195,2195,2195,2195
1174,2XL,Mix,Kurta,0.3,425,2195,2195,2195,2195,2195,2195,2195,2195,2195,2195
1175,3XL,Mix,Kurta,0.3,425,2195,2195,2195,2195,2195,2195,2195,2195,2195,2195
1188,S,Mix,Kurta,0.3,415,2097,2097,2097,2097,2097,2097,2097,2097,2097,2097
1189,M,Mix,Kurta,0.3,415,2097,2097,2097,2097,2097,2097,2097,2097,2097,2097
1190,L,Mix,Kurta,0.3,415,2097,2097,2097,2097,2097,2097,2097,2097,2097,2097
1191,XL,Mix,Kurta,0.3,415,2097,2097,2097,2097,2097,2097,2097,2097,2097,2097
1192,2XL,Mix,Kurta,0.3,415,2097,2097,2097,2097,2097,2097,2097,2097,2097,2097
1193,3XL,Mix,Kurta,0.3,415,2097,2097,2097,2097,2097,2097,2097,2097,2097,2097
1194,S,Mix,Kurta Set,0.4,640,3197,3197,3295,3295,3295,3295,3197,3197,3197,3197
1195,M,Mix,Kurta Set,0.4,640,3197,3197,3295,3295,3295,3295,3197,3197,3197,3197
1196,L,Mix,Kurta Set,0.4,640,3197,3197,3295,3295,3295,3295,3197,3197,3197,3197
1197,XL,Mix,Kurta Set,0.4,640,3197,3197,3295,3295,3295,3295,3197,3197,3197,3197
1198,2XL,Mix,Kurta Set,0.4,640,3197,3197,3295,3295,3295,3295,3197,3197,3197,3197
1199,3XL,Mix,Kurta Set,0.4,640,3197,3197,3295,3295,3295,3295,3197,3197,3197,3197
1200,S,Mix,Kurta,0.3,415,2095,2095,2095,2295,2295,2295,2095,2295,2095,2095
1201,M,Mix,Kurta,0.3,415,2095,2095,2095,2295,2295,2295,2095,2295,2095,2095
1202,L,Mix,Kurta,0.3,415,2095,2095,2095,2295,2295,2295,2095,2295,2095,2095
1203,XL,Mix,Kurta,0.3,415,2095,2095,2095,2295,2295,2295,2095,2295,2095,2095
1204,2XL,Mix,Kurta,0.3,415,2095,2095,2095,2295,2295,2295,2095,2295,2095,2095
1205,3XL,Mix,Kurta,0.3,415,2095,2095,2095,2295,2295,2295,2095,2295,2095,2095
1206,S,Mix,Kurta Set,0.4,625,3195,3195,3195,3195,3195,3195,3195,3195,3195,3195
1207,M,Mix,Kurta Set,0.4,625,3195,3195,3195,3195,3195,3195,3195,3195,3195,3195
1208,L,Mix,Kurta Set,0.4,625,3195,3195,3195,3195,3195,3195,3195,3195,3195,3195
1209,XL,Mix,Kurta Set,0.4,625,3195,3195,3195,3195,3195,3195,3195,3195,3195,3195
1210,2XL,Mix,Kurta Set,0.4,625,3195,3195,3195,3195,3195,3195,3195,3195,3195,3195
1211,3XL,Mix,Kurta Set,0.4,625,3195,3195,3195,3195,3195,3195,3195,3195,3195,3195
1212,S,Mix,Kurta,0.3,400,2097,2097,2097,2097,2097,2097,2097,2097,2097,2097
1213,M,Mix,Kurta,0.3,400,2097,2097,2097,2097,2097,2097,2097,2097,2097,2097
1214,L,Mix,Kurta,0.3,400,2097,2097,2097,2097,2097,2097,2097,2097,2097,2097
1215,XL,Mix,Kurta,0.3,400,2097,2097,2097,2097,2097,2097,2097,2097,2097,2097
1216,2XL,Mix,Kurta,0.3,400,2097,2097,2097,2097,2097,2097,2097,2097,2097,2097
1217,3XL,Mix,Kurta,0.3,400,2097,2097,2097,2097,2097,2097,2097,2097,2097,2097
1218,S,Mix,Kurta Set,0.4,615,3095,3095,3095,3095,3095,3095,3095,2895,3095,3095
1219,M,Mix,Kurta Set,0.4,615,3095,3095,3095,3095,3095,3095,3095,2895,3095,3095
1220,L,Mix,Kurta Set,0.4,615,3095,3095,3095,3095,3095,3095,3095,2895,3095,3095
1221,XL,Mix,Kurta Set,0.4,615,3095,3095,3095,3095,3095,3095,3095,2895,3095,3095
1222,2XL,Mix,Kurta Set,0.4,615,3095,3095,3095,3095,3095,3095,3095,2895,3095,3095
1223,3XL,Mix,Kurta Set,0.4,615,3095,3095,3095,3095,3095,3095,3095,2895,3095,3095
1224,S,Mix,Kurta,0.3,425,2195,2195,2195,2195,2195,2195,2195,2195,2195,2195
1225,M,Mix,Kurta,0.3,425,2195,2195,2195,2195,2195,2195,2195,2195,2195,2195
1226,L,Mix,Kurta,0.3,425,2195,2195,2195,2195,2195,2195,2195,2195,2195,2195
1227,XL,Mix,Kurta,0.3,425,2195,2195,2195,2195,2195,2195,2195,2195,2195,2195
1228,2XL,Mix,Kurta,0.3,425,2195,2195,2195,2195,2195,2195,2195,2195,2195,2195
1229,3XL,Mix,Kurta,0.3,425,2195,2195,2195,2195,2195,2195,2195,2195,2195,2195
1236,M,Mix,Kurta Set,0.4,1195,5997,5997,5997,5997,5997,5997,5997,5997,5997,5997
1237,L,Mix,Kurta Set,0.4,1195,5997,5997,5997,5997,5997,5997,5997,5997,5997,5997
1238,XL,Mix,Kurta Set,0.4,1195,5997,5997,5997,5997,5997,5997,5997,5997,5997,5997
1239,2XL,Mix,Kurta Set,0.4,1195,5997,5997,5997,5997,5997,5997,5997,5997,5997,5997
1259,XS,Colors-7,Kurta,0.3,381,1538,1595,1595,1595,1595,1595,1595,1595,1595,1595
1260,XS,Mix,Kurta,0.3,570,2298,2295,2295,2295,2295,2295,2295,2295,2295,2295
1270,3XL,Mix,Kurta,0.3,425,2195,2195,2195,2195,2195,2195,2195,2195,2195,2195
1274,L,Mix,Kurta Set,0.4,615,2195,2195,2195,2195,2195,2195,2195,2195,2195,2195
1275,M,Mix,Kurta,0.3,425,2195,2195,2195,2195,2195,2195,2195,2195,2195,2195
1299,L,Mix,Kurta,0.3,425,2195,2195,2195,2195,2195,2195,2195,2195,2195,2195
1303,3XL,Mix,Kurta Set,0.4,615,2195,2195,2195,2195,2195,2195,2195,2195,2195,2195
1306,2XLL,Mix,Kurta,0.3,425,1995,1995,1995,1995,1995,1995,1995,1995,1995,1995
1307,MM,Mix,Kurta,0.3,424,2240,1695,1695,1695,1695,1695,1795,1695,1895,1695
1322,XS,Mix,Kurta,0.3,424,2240,1695,1695,1695,1695,1695,1795,1695,1895,1695
1323,XS,Mix,Kurta,0.3,467,1878,1995,1995,1995,1995,1995,1995,1995,1995,1995
1324,S,Mix,Kurta,0.3,467,1878,1995,1995,1995,1995,1995,1995,1995,1995,1995
1325,M,Mix,Kurta,0.3,467,1878,1995,1995,1995,1995,1995,1995,1995,1995,1995
1326,L,Mix,Kurta,0.3,467,1878,1995,1995,1995,1995,1995,1995,1995,1995,1995
1327,XL,Mix,Kurta,0.3,467,1878,1995,1995,1995,1995,1995,1995,1995,1995,1995
1328,2XL,Mix,Kurta,0.3,467,1878,1995,1995,1995,1995,1995,1995,1995,1995,1995
1329,3XL,Mix,Kurta,0.3,467,1878,1995,1995,1995,1995,1995,1995,1995,1995,1995
